-- AGROMART DATA RESTORATION SCRIPT
BEGIN;
SET CONSTRAINTS ALL DEFERRED;
TRUNCATE TABLE "users" CASCADE;
INSERT INTO "users" ("id", "name", "email", "password", "role", "is_verified", "otp", "otp_expiry", "created_at", "updated_at", "auth_provider") VALUES (5, 'MeetVirugama', 'meet56963@gmail.com', '$2b$10$FdJooJoKHu4kM78jNGZ/Du70udwjDKJ.oqo3T6Xb4T54QtGydO0mq', 'ADMIN', true, NULL, NULL, '2026-04-02T07:36:40.540Z', '2026-04-04T08:50:37.415Z', 'LOCAL');
INSERT INTO "users" ("id", "name", "email", "password", "role", "is_verified", "otp", "otp_expiry", "created_at", "updated_at", "auth_provider") VALUES (28, 'Ramesh Kumar', 'ramesh@farmer.com', '$2b$10$aBKivBFjM85GLs18diOR5eEK93mkNkjSZXjUzYPT0EnRQaRdQ53ay', 'CUSTOMER', true, NULL, NULL, '2026-04-05T06:53:50.063Z', '2026-04-05T06:53:50.063Z', 'LOCAL');
INSERT INTO "users" ("id", "name", "email", "password", "role", "is_verified", "otp", "otp_expiry", "created_at", "updated_at", "auth_provider") VALUES (29, 'Anita Singh', 'anita@agri.com', '$2b$10$aBKivBFjM85GLs18diOR5eEK93mkNkjSZXjUzYPT0EnRQaRdQ53ay', 'CUSTOMER', true, NULL, NULL, '2026-04-05T06:53:50.105Z', '2026-04-05T06:53:50.105Z', 'LOCAL');
INSERT INTO "users" ("id", "name", "email", "password", "role", "is_verified", "otp", "otp_expiry", "created_at", "updated_at", "auth_provider") VALUES (30, 'Suresh Bhai', 'suresh@village.com', '$2b$10$aBKivBFjM85GLs18diOR5eEK93mkNkjSZXjUzYPT0EnRQaRdQ53ay', 'CUSTOMER', true, NULL, NULL, '2026-04-05T06:53:50.121Z', '2026-04-05T06:53:50.121Z', 'LOCAL');
INSERT INTO "users" ("id", "name", "email", "password", "role", "is_verified", "otp", "otp_expiry", "created_at", "updated_at", "auth_provider") VALUES (31, 'Deepak Verma', 'deepak@morbi.com', '$2b$10$aBKivBFjM85GLs18diOR5eEK93mkNkjSZXjUzYPT0EnRQaRdQ53ay', 'CUSTOMER', true, NULL, NULL, '2026-04-05T06:53:50.132Z', '2026-04-05T06:53:50.132Z', 'LOCAL');
INSERT INTO "users" ("id", "name", "email", "password", "role", "is_verified", "otp", "otp_expiry", "created_at", "updated_at", "auth_provider") VALUES (32, 'meet virugama', 'meetvirugama4902@gmail.com', NULL, 'ADMIN', true, NULL, NULL, '2026-04-05T09:15:00.945Z', '2026-04-05T09:15:00.945Z', 'GOOGLE');
INSERT INTO "users" ("id", "name", "email", "password", "role", "is_verified", "otp", "otp_expiry", "created_at", "updated_at", "auth_provider") VALUES (33, 'Meet Gajanvav', 'meetgajanvav@gmail.com', NULL, 'CUSTOMER', true, NULL, NULL, '2026-04-05T09:19:35.552Z', '2026-04-05T09:19:35.552Z', 'GOOGLE');
TRUNCATE TABLE "supplier" CASCADE;
INSERT INTO "supplier" ("id", "name", "mobile") VALUES (1, 'AgroMart Official Global Sourcing', '9988776655');
TRUNCATE TABLE "customer" CASCADE;
INSERT INTO "customer" ("id", "user_id", "name", "mobile", "village", "gst", "credit_limit", "total_purchase", "total_paid", "total_due", "discount_percent", "tag", "credit_score", "email") VALUES (1, 28, 'Ramesh Kumar', '9876543210', 'Pipaliya', NULL, 0, 6951.379999999999, 3358.2799999999997, 3593.1, 0, 'PLATINUM', 100, 'ramesh@farmer.com');
INSERT INTO "customer" ("id", "user_id", "name", "mobile", "village", "gst", "credit_limit", "total_purchase", "total_paid", "total_due", "discount_percent", "tag", "credit_score", "email") VALUES (2, 29, 'Anita Singh', '8765432109', 'Gondal', NULL, 0, 4179.5599999999995, 1324.55, 2855.01, 0, 'REGULAR', 100, 'anita@agri.com');
INSERT INTO "customer" ("id", "user_id", "name", "mobile", "village", "gst", "credit_limit", "total_purchase", "total_paid", "total_due", "discount_percent", "tag", "credit_score", "email") VALUES (3, 30, 'Suresh Bhai', '7654321098', 'Rajkot', NULL, 0, 5125.92, 0, 5125.92, 0, 'NEW', 100, 'suresh@village.com');
INSERT INTO "customer" ("id", "user_id", "name", "mobile", "village", "gst", "credit_limit", "total_purchase", "total_paid", "total_due", "discount_percent", "tag", "credit_score", "email") VALUES (4, 31, 'Deepak Verma', '6543210987', 'Morbi', NULL, 0, 765.8199999999999, 0, 765.8199999999999, 0, 'DUE', 100, 'deepak@morbi.com');
INSERT INTO "customer" ("id", "user_id", "name", "mobile", "village", "gst", "credit_limit", "total_purchase", "total_paid", "total_due", "discount_percent", "tag", "credit_score", "email") VALUES (5, 33, 'Meet Gajanvav', 'G-33-00575571', NULL, NULL, 0, 7742.93, 4165.11, 3577.83, 0, 'ACTIVE', 100, NULL);
TRUNCATE TABLE "product" CASCADE;
INSERT INTO "product" ("id", "name", "category", "brand", "mrp", "selling_price", "cost_price", "unit", "batch_number", "expiry_date", "supplier_id", "created_by", "image", "description", "stock") VALUES (5, 'Neem Oil Bio-Shield 3000PPM', 'Pesticides', 'GreenGuard', 550, 449, 320, '500 ML', NULL, NULL, 1, 5, 'https://images.unsplash.com/photo-1628352081506-83c43143df6b?w=400&auto=format&fit=crop', '100% natural cold-pressed neem oil. Effectively controls over 200 types of pests.', 293);
INSERT INTO "product" ("id", "name", "category", "brand", "mrp", "selling_price", "cost_price", "unit", "batch_number", "expiry_date", "supplier_id", "created_by", "image", "description", "stock") VALUES (2, 'Urea White Gold Granules', 'Fertilizers', 'AgroPremium', 450, 399, 300, '50 KG Bag', NULL, NULL, 1, 5, 'https://images.unsplash.com/photo-1585314062340-f1a5a7c9328d?w=400&auto=format&fit=crop', 'High-grade nitrogen fertilizer for green vegetative growth and leaf development.', 199);
INSERT INTO "product" ("id", "name", "category", "brand", "mrp", "selling_price", "cost_price", "unit", "batch_number", "expiry_date", "supplier_id", "created_by", "image", "description", "stock") VALUES (4, 'Premium Wheat High-Yield Gold', 'Seeds', 'EliteHarvest', 1200, 950, 700, '40 KG Bag', NULL, NULL, 1, 5, 'https://images.unsplash.com/photo-1574323347407-f5e1ad6d020b?w=400&auto=format&fit=crop', 'Climate-resilient wheat seeds for bumper harvest. High protein content.', 149);
INSERT INTO "product" ("id", "name", "category", "brand", "mrp", "selling_price", "cost_price", "unit", "batch_number", "expiry_date", "supplier_id", "created_by", "image", "description", "stock") VALUES (3, 'Hybrid Tomato F1 Ruby', 'Seeds', 'EliteHarvest', 250, 199, 120, '10gm Packet', NULL, NULL, 1, 5, 'https://images.unsplash.com/photo-1592924357228-91a4daadcfea?w=400&auto=format&fit=crop', 'Vibrant red, disease-resistant hybrid tomato. Fast-maturing and high shelf-life.', 997);
INSERT INTO "product" ("id", "name", "category", "brand", "mrp", "selling_price", "cost_price", "unit", "batch_number", "expiry_date", "supplier_id", "created_by", "image", "description", "stock") VALUES (6, 'Fungicide Green Guard Pro', 'Pesticides', 'GreenGuard', 890, 749, 550, '250gm Packet', NULL, NULL, 1, 5, 'https://images.unsplash.com/photo-1512148764024-5a67c4164b7f?w=400&auto=format&fit=crop', 'Systemic fungicide for treating soil-borne and foliar diseases in vegetables.', 441);
INSERT INTO "product" ("id", "name", "category", "brand", "mrp", "selling_price", "cost_price", "unit", "batch_number", "expiry_date", "supplier_id", "created_by", "image", "description", "stock") VALUES (1, 'Organic NPK 19-19-19 Liquid', 'Fertilizers', 'AgroPremium', 850, 649, 450, '1 Litre', NULL, NULL, 1, 5, 'https://images.unsplash.com/photo-1592982537447-6f2bf37a5f82?w=400&auto=format&fit=crop', 'High-concentration balanced fertilizer for all types of crops. Enhances growth and root development.', 496);
INSERT INTO "product" ("id", "name", "category", "brand", "mrp", "selling_price", "cost_price", "unit", "batch_number", "expiry_date", "supplier_id", "created_by", "image", "description", "stock") VALUES (7, 'MadhavThesiya', 'seed', 'THOKU', 1, 1, NULL, NULL, NULL, NULL, 1, 5, NULL, NULL, 100);
TRUNCATE TABLE "orders" CASCADE;
INSERT INTO "orders" ("id", "customer_id", "order_date", "total_amount", "discount", "cgst", "sgst", "igst", "gst_total", "final_amount", "invoice_number", "status", "due_date", "created_by", "paid_amount", "createdAt", "updatedAt") VALUES (1, 1, '2026-04-05T06:53:50.075Z', 5692, 0, 0, 0, 0, 1024.56, 6716.5599999999995, 'INV-1775391830075-73', 'PARTIAL', NULL, 5, 3358.2799999999997, '2026-04-05T15:55:19.624Z', '2026-04-05T15:55:19.643Z');
INSERT INTO "orders" ("id", "customer_id", "order_date", "total_amount", "discount", "cgst", "sgst", "igst", "gst_total", "final_amount", "invoice_number", "status", "due_date", "created_by", "paid_amount", "createdAt", "updatedAt") VALUES (2, 1, '2026-04-05T06:53:50.098Z', 199, 0, 0, 0, 0, 35.82, 234.82, 'INV-1775391830098-285', 'PENDING', NULL, 5, 0, '2026-04-05T15:55:19.624Z', '2026-04-05T15:55:19.643Z');
INSERT INTO "orders" ("id", "customer_id", "order_date", "total_amount", "discount", "cgst", "sgst", "igst", "gst_total", "final_amount", "invoice_number", "status", "due_date", "created_by", "paid_amount", "createdAt", "updatedAt") VALUES (3, 2, '2026-04-05T06:53:50.106Z', 2245, 0, 0, 0, 0, 404.09999999999997, 2649.1, 'INV-1775391830106-412', 'PARTIAL', NULL, 5, 1324.55, '2026-04-05T15:55:19.624Z', '2026-04-05T15:55:19.643Z');
INSERT INTO "orders" ("id", "customer_id", "order_date", "total_amount", "discount", "cgst", "sgst", "igst", "gst_total", "final_amount", "invoice_number", "status", "due_date", "created_by", "paid_amount", "createdAt", "updatedAt") VALUES (4, 2, '2026-04-05T06:53:50.113Z', 1297, 0, 0, 0, 0, 233.45999999999998, 1530.46, 'INV-1775391830113-189', 'PENDING', NULL, 5, 0, '2026-04-05T15:55:19.624Z', '2026-04-05T15:55:19.643Z');
INSERT INTO "orders" ("id", "customer_id", "order_date", "total_amount", "discount", "cgst", "sgst", "igst", "gst_total", "final_amount", "invoice_number", "status", "due_date", "created_by", "paid_amount", "createdAt", "updatedAt") VALUES (5, 3, '2026-04-05T06:53:50.123Z', 4344, 0, 0, 0, 0, 781.92, 5125.92, 'INV-1775391830123-869', 'PENDING', NULL, 5, 0, '2026-04-05T15:55:19.624Z', '2026-04-05T15:55:19.643Z');
INSERT INTO "orders" ("id", "customer_id", "order_date", "total_amount", "discount", "cgst", "sgst", "igst", "gst_total", "final_amount", "invoice_number", "status", "due_date", "created_by", "paid_amount", "createdAt", "updatedAt") VALUES (6, 4, '2026-04-05T06:53:50.134Z', 649, 0, 0, 0, 0, 116.82, 765.8199999999999, 'INV-1775391830134-900', 'PENDING', NULL, 5, 0, '2026-04-05T15:55:19.624Z', '2026-04-05T15:55:19.643Z');
INSERT INTO "orders" ("id", "customer_id", "order_date", "total_amount", "discount", "cgst", "sgst", "igst", "gst_total", "final_amount", "invoice_number", "status", "due_date", "created_by", "paid_amount", "createdAt", "updatedAt") VALUES (7, 5, '2026-04-05T09:20:03.220Z', 1197, 0, 107.73, 107.73, 0, 215.46, 1412.46, 'INV-2026-03220-251', 'PAID', NULL, 33, 1412.46, '2026-04-05T15:55:19.624Z', '2026-04-05T15:55:19.643Z');
INSERT INTO "orders" ("id", "customer_id", "order_date", "total_amount", "discount", "cgst", "sgst", "igst", "gst_total", "final_amount", "invoice_number", "status", "due_date", "created_by", "paid_amount", "createdAt", "updatedAt") VALUES (8, 5, '2026-04-05T10:21:59.575Z', 848, 0, 76.32, 76.32, 0, 152.64, 1000.64, 'INV-2026-19574-024', 'PENDING', NULL, 33, 0, '2026-04-05T15:55:19.624Z', '2026-04-05T15:55:19.643Z');
INSERT INTO "orders" ("id", "customer_id", "order_date", "total_amount", "discount", "cgst", "sgst", "igst", "gst_total", "final_amount", "invoice_number", "status", "due_date", "created_by", "paid_amount", "createdAt", "updatedAt") VALUES (10, 5, '2026-04-05T10:55:58.385Z', 199, 0, 17.91, 17.91, 0, 35.82, 234.82, 'INV-2026-58385-791', 'PAID', NULL, 33, 234.82, '2026-04-05T16:25:58.385Z', '2026-04-05T16:49:34.065Z');
INSERT INTO "orders" ("id", "customer_id", "order_date", "total_amount", "discount", "cgst", "sgst", "igst", "gst_total", "final_amount", "invoice_number", "status", "due_date", "created_by", "paid_amount", "createdAt", "updatedAt") VALUES (9, 5, '2026-04-05T10:53:55.528Z', 2245, 112.25, 191.9475, 191.9475, 0, 383.895, 2516.645, 'INV-2026-35527-254', 'PAID', NULL, 33, 2516.65, '2026-04-05T16:23:55.528Z', '2026-04-05T16:53:22.797Z');
INSERT INTO "orders" ("id", "customer_id", "order_date", "total_amount", "discount", "cgst", "sgst", "igst", "gst_total", "final_amount", "invoice_number", "status", "due_date", "created_by", "paid_amount", "createdAt", "updatedAt") VALUES (11, 5, '2026-04-07T02:02:49.472Z', 2299, 114.95, 196.5645, 196.5645, 0, 393.129, 2577.179, 'INV-2026-69472-245', 'PENDING', NULL, 5, 0, '2026-04-07T07:32:49.472Z', '2026-04-07T07:32:49.472Z');
INSERT INTO "orders" ("id", "customer_id", "order_date", "total_amount", "discount", "cgst", "sgst", "igst", "gst_total", "final_amount", "invoice_number", "status", "due_date", "created_by", "paid_amount", "createdAt", "updatedAt") VALUES (12, 5, '2026-04-07T03:43:26.245Z', 1, 0, 0.09, 0.09, 0, 0.18, 1.18, 'INV-2026-06245-203', 'PAID', NULL, 5, 1.18, '2026-04-07T09:13:26.245Z', '2026-04-07T09:15:26.811Z');
TRUNCATE TABLE "order_item" CASCADE;
INSERT INTO "order_item" ("id", "order_id", "product_id", "quantity", "price", "total") VALUES (1, 1, 1, 3, 649, 1947);
INSERT INTO "order_item" ("id", "order_id", "product_id", "quantity", "price", "total") VALUES (2, 1, 6, 5, 749, 3745);
INSERT INTO "order_item" ("id", "order_id", "product_id", "quantity", "price", "total") VALUES (3, 2, 3, 1, 199, 199);
INSERT INTO "order_item" ("id", "order_id", "product_id", "quantity", "price", "total") VALUES (4, 3, 5, 5, 449, 2245);
INSERT INTO "order_item" ("id", "order_id", "product_id", "quantity", "price", "total") VALUES (5, 4, 5, 2, 449, 898);
INSERT INTO "order_item" ("id", "order_id", "product_id", "quantity", "price", "total") VALUES (6, 4, 2, 1, 399, 399);
INSERT INTO "order_item" ("id", "order_id", "product_id", "quantity", "price", "total") VALUES (7, 5, 4, 1, 950, 950);
INSERT INTO "order_item" ("id", "order_id", "product_id", "quantity", "price", "total") VALUES (8, 5, 3, 2, 199, 398);
INSERT INTO "order_item" ("id", "order_id", "product_id", "quantity", "price", "total") VALUES (9, 5, 6, 4, 749, 2996);
INSERT INTO "order_item" ("id", "order_id", "product_id", "quantity", "price", "total") VALUES (10, 6, 1, 1, 649, 649);
INSERT INTO "order_item" ("id", "order_id", "product_id", "quantity", "price", "total") VALUES (11, 7, 2, 3, 399, 1197);
INSERT INTO "order_item" ("id", "order_id", "product_id", "quantity", "price", "total") VALUES (12, 8, 2, 1, 399, 399);
INSERT INTO "order_item" ("id", "order_id", "product_id", "quantity", "price", "total") VALUES (13, 8, 5, 1, 449, 449);
INSERT INTO "order_item" ("id", "order_id", "product_id", "quantity", "price", "total") VALUES (14, 9, 5, 5, 449, 2245);
INSERT INTO "order_item" ("id", "order_id", "product_id", "quantity", "price", "total") VALUES (15, 10, 3, 1, 199, 199);
INSERT INTO "order_item" ("id", "order_id", "product_id", "quantity", "price", "total") VALUES (16, 11, 2, 1, 399, 399);
INSERT INTO "order_item" ("id", "order_id", "product_id", "quantity", "price", "total") VALUES (17, 11, 4, 2, 950, 1900);
INSERT INTO "order_item" ("id", "order_id", "product_id", "quantity", "price", "total") VALUES (18, 12, 7, 1, 1, 1);
TRUNCATE TABLE "payment" CASCADE;
INSERT INTO "payment" ("id", "order_id", "amount", "payment_mode", "payment_date", "reference_no", "created_by") VALUES (1, 1, 3358.2799999999997, 'CASH', '2026-04-05T06:53:50.089Z', 'DEMO-PAY-1', 5);
INSERT INTO "payment" ("id", "order_id", "amount", "payment_mode", "payment_date", "reference_no", "created_by") VALUES (2, 3, 1324.55, 'CASH', '2026-04-05T06:53:50.110Z', 'DEMO-PAY-3', 5);
INSERT INTO "payment" ("id", "order_id", "amount", "payment_mode", "payment_date", "reference_no", "created_by") VALUES (3, 7, 1412.46, 'CASH', '2026-04-05T09:50:03.682Z', NULL, 5);
INSERT INTO "payment" ("id", "order_id", "amount", "payment_mode", "payment_date", "reference_no", "created_by") VALUES (4, 10, 234.82, 'CASH', '2026-04-05T11:19:34.053Z', NULL, 5);
INSERT INTO "payment" ("id", "order_id", "amount", "payment_mode", "payment_date", "reference_no", "created_by") VALUES (5, 9, 2516.645, 'CASH', '2026-04-05T11:23:22.789Z', NULL, 5);
INSERT INTO "payment" ("id", "order_id", "amount", "payment_mode", "payment_date", "reference_no", "created_by") VALUES (6, 12, 1.18, 'CASH', '2026-04-07T03:45:26.799Z', NULL, 5);
TRUNCATE TABLE "ledger" CASCADE;
INSERT INTO "ledger" ("id", "customer_id", "type", "amount", "balance", "reference_type", "reference_id", "description") VALUES (1, 1, 'DEBIT', 6716.5599999999995, NULL, NULL, NULL, 'Order INV-1775391830075-73');
INSERT INTO "ledger" ("id", "customer_id", "type", "amount", "balance", "reference_type", "reference_id", "description") VALUES (2, 1, 'CREDIT', 3358.2799999999997, NULL, NULL, NULL, 'Payment for INV-1775391830075-73');
INSERT INTO "ledger" ("id", "customer_id", "type", "amount", "balance", "reference_type", "reference_id", "description") VALUES (3, 1, 'DEBIT', 234.82, NULL, NULL, NULL, 'Order INV-1775391830098-285');
INSERT INTO "ledger" ("id", "customer_id", "type", "amount", "balance", "reference_type", "reference_id", "description") VALUES (4, 2, 'DEBIT', 2649.1, NULL, NULL, NULL, 'Order INV-1775391830106-412');
INSERT INTO "ledger" ("id", "customer_id", "type", "amount", "balance", "reference_type", "reference_id", "description") VALUES (5, 2, 'CREDIT', 1324.55, NULL, NULL, NULL, 'Payment for INV-1775391830106-412');
INSERT INTO "ledger" ("id", "customer_id", "type", "amount", "balance", "reference_type", "reference_id", "description") VALUES (6, 2, 'DEBIT', 1530.46, NULL, NULL, NULL, 'Order INV-1775391830113-189');
INSERT INTO "ledger" ("id", "customer_id", "type", "amount", "balance", "reference_type", "reference_id", "description") VALUES (7, 3, 'DEBIT', 5125.92, NULL, NULL, NULL, 'Order INV-1775391830123-869');
INSERT INTO "ledger" ("id", "customer_id", "type", "amount", "balance", "reference_type", "reference_id", "description") VALUES (8, 4, 'DEBIT', 765.8199999999999, NULL, NULL, NULL, 'Order INV-1775391830134-900');
INSERT INTO "ledger" ("id", "customer_id", "type", "amount", "balance", "reference_type", "reference_id", "description") VALUES (9, 5, 'DEBIT', 1412.46, 1412.46, 'ORDER', 7, 'Order #7 created (GST + discount applied)');
INSERT INTO "ledger" ("id", "customer_id", "type", "amount", "balance", "reference_type", "reference_id", "description") VALUES (10, 5, 'CREDIT', 1412.46, 0, 'PAYMENT', 7, 'Payment received');
INSERT INTO "ledger" ("id", "customer_id", "type", "amount", "balance", "reference_type", "reference_id", "description") VALUES (11, 5, 'DEBIT', 1000.64, 1000.64, 'ORDER', 8, 'Order #8 created (GST + discount applied)');
INSERT INTO "ledger" ("id", "customer_id", "type", "amount", "balance", "reference_type", "reference_id", "description") VALUES (12, 5, 'DEBIT', 2516.645, 3517.285, 'ORDER', 9, 'Order #9 created (GST + discount applied)');
INSERT INTO "ledger" ("id", "customer_id", "type", "amount", "balance", "reference_type", "reference_id", "description") VALUES (13, 5, 'DEBIT', 234.82, 3752.105, 'ORDER', 10, 'Order #10 created (GST + discount applied)');
INSERT INTO "ledger" ("id", "customer_id", "type", "amount", "balance", "reference_type", "reference_id", "description") VALUES (14, 5, 'CREDIT', 234.82, 3517.285, 'PAYMENT', 10, 'Payment received');
INSERT INTO "ledger" ("id", "customer_id", "type", "amount", "balance", "reference_type", "reference_id", "description") VALUES (15, 5, 'CREDIT', 2516.645, 1000.6399999999999, 'PAYMENT', 9, 'Payment received');
INSERT INTO "ledger" ("id", "customer_id", "type", "amount", "balance", "reference_type", "reference_id", "description") VALUES (16, 5, 'DEBIT', 2577.179, 3577.819, 'ORDER', 11, 'Order #11 created (GST + discount applied)');
INSERT INTO "ledger" ("id", "customer_id", "type", "amount", "balance", "reference_type", "reference_id", "description") VALUES (17, 5, 'DEBIT', 1.18, 3578.999, 'ORDER', 12, 'Order #12 created (GST + discount applied)');
INSERT INTO "ledger" ("id", "customer_id", "type", "amount", "balance", "reference_type", "reference_id", "description") VALUES (18, 5, 'CREDIT', 1.18, 3577.819, 'PAYMENT', 12, 'Payment received');
TRUNCATE TABLE "inventory" CASCADE;
INSERT INTO "inventory" ("id", "product_id", "quantity_change", "type", "reference_type", "reference_id") VALUES (1, 1, 500, 'IN', 'INITIAL_STOCK', 1);
INSERT INTO "inventory" ("id", "product_id", "quantity_change", "type", "reference_type", "reference_id") VALUES (2, 2, 200, 'IN', 'INITIAL_STOCK', 2);
INSERT INTO "inventory" ("id", "product_id", "quantity_change", "type", "reference_type", "reference_id") VALUES (3, 3, 1000, 'IN', 'INITIAL_STOCK', 3);
INSERT INTO "inventory" ("id", "product_id", "quantity_change", "type", "reference_type", "reference_id") VALUES (4, 4, 150, 'IN', 'INITIAL_STOCK', 4);
INSERT INTO "inventory" ("id", "product_id", "quantity_change", "type", "reference_type", "reference_id") VALUES (5, 5, 300, 'IN', 'INITIAL_STOCK', 5);
INSERT INTO "inventory" ("id", "product_id", "quantity_change", "type", "reference_type", "reference_id") VALUES (6, 6, 450, 'IN', 'INITIAL_STOCK', 6);
INSERT INTO "inventory" ("id", "product_id", "quantity_change", "type", "reference_type", "reference_id") VALUES (7, 1, -3, 'OUT', 'ORDER', 1);
INSERT INTO "inventory" ("id", "product_id", "quantity_change", "type", "reference_type", "reference_id") VALUES (8, 6, -5, 'OUT', 'ORDER', 1);
INSERT INTO "inventory" ("id", "product_id", "quantity_change", "type", "reference_type", "reference_id") VALUES (9, 3, -1, 'OUT', 'ORDER', 2);
INSERT INTO "inventory" ("id", "product_id", "quantity_change", "type", "reference_type", "reference_id") VALUES (10, 5, -5, 'OUT', 'ORDER', 3);
INSERT INTO "inventory" ("id", "product_id", "quantity_change", "type", "reference_type", "reference_id") VALUES (11, 5, -2, 'OUT', 'ORDER', 4);
INSERT INTO "inventory" ("id", "product_id", "quantity_change", "type", "reference_type", "reference_id") VALUES (12, 2, -1, 'OUT', 'ORDER', 4);
INSERT INTO "inventory" ("id", "product_id", "quantity_change", "type", "reference_type", "reference_id") VALUES (13, 4, -1, 'OUT', 'ORDER', 5);
INSERT INTO "inventory" ("id", "product_id", "quantity_change", "type", "reference_type", "reference_id") VALUES (14, 3, -2, 'OUT', 'ORDER', 5);
INSERT INTO "inventory" ("id", "product_id", "quantity_change", "type", "reference_type", "reference_id") VALUES (15, 6, -4, 'OUT', 'ORDER', 5);
INSERT INTO "inventory" ("id", "product_id", "quantity_change", "type", "reference_type", "reference_id") VALUES (16, 1, -1, 'OUT', 'ORDER', 6);
INSERT INTO "inventory" ("id", "product_id", "quantity_change", "type", "reference_type", "reference_id") VALUES (17, 2, -3, 'OUT', 'ORDER', 7);
INSERT INTO "inventory" ("id", "product_id", "quantity_change", "type", "reference_type", "reference_id") VALUES (18, 2, -1, 'OUT', 'ORDER', 8);
INSERT INTO "inventory" ("id", "product_id", "quantity_change", "type", "reference_type", "reference_id") VALUES (19, 5, -1, 'OUT', 'ORDER', 8);
INSERT INTO "inventory" ("id", "product_id", "quantity_change", "type", "reference_type", "reference_id") VALUES (20, 5, -5, 'OUT', 'ORDER', 9);
INSERT INTO "inventory" ("id", "product_id", "quantity_change", "type", "reference_type", "reference_id") VALUES (21, 3, -1, 'OUT', 'ORDER', 10);
INSERT INTO "inventory" ("id", "product_id", "quantity_change", "type", "reference_type", "reference_id") VALUES (22, 2, -1, 'OUT', 'ORDER', 11);
INSERT INTO "inventory" ("id", "product_id", "quantity_change", "type", "reference_type", "reference_id") VALUES (23, 4, -2, 'OUT', 'ORDER', 11);
INSERT INTO "inventory" ("id", "product_id", "quantity_change", "type", "reference_type", "reference_id") VALUES (24, 7, 1, 'IN', 'MANUAL', 5);
INSERT INTO "inventory" ("id", "product_id", "quantity_change", "type", "reference_type", "reference_id") VALUES (25, 7, -1, 'OUT', 'ORDER', 12);
INSERT INTO "inventory" ("id", "product_id", "quantity_change", "type", "reference_type", "reference_id") VALUES (26, 7, 99, 'IN', 'MANUAL', 5);
TRUNCATE TABLE "notification" CASCADE;
INSERT INTO "notification" ("id", "type", "title", "message", "reference_id", "customer_id", "user_id", "is_read", "is_opened", "is_clicked", "channel", "status", "created_at", "opened_at", "clicked_at") VALUES (31, 'PAYMENT_DUE', NULL, '🔔 Payment reminder for Order #10 (₹234.82)', 10, NULL, NULL, false, true, false, 'EMAIL', 'SENT', '2026-04-05T11:18:29.663Z', '2026-04-07T01:54:30.612Z', NULL);
INSERT INTO "notification" ("id", "type", "title", "message", "reference_id", "customer_id", "user_id", "is_read", "is_opened", "is_clicked", "channel", "status", "created_at", "opened_at", "clicked_at") VALUES (1, 'ORDER', NULL, '🛒 Order #7 placed successfully.', 7, NULL, NULL, false, true, true, 'EMAIL', 'SENT', '2026-04-05T09:20:03.235Z', '2026-04-05T09:49:24.144Z', '2026-04-05T09:49:24.157Z');
INSERT INTO "notification" ("id", "type", "title", "message", "reference_id", "customer_id", "user_id", "is_read", "is_opened", "is_clicked", "channel", "status", "created_at", "opened_at", "clicked_at") VALUES (25, 'PAYMENT_DUE', NULL, '🔔 Payment reminder for Order #10 (₹234.82)', 10, NULL, NULL, false, true, false, 'EMAIL', 'SENT', '2026-04-05T11:05:53.725Z', '2026-04-07T01:54:30.615Z', NULL);
INSERT INTO "notification" ("id", "type", "title", "message", "reference_id", "customer_id", "user_id", "is_read", "is_opened", "is_clicked", "channel", "status", "created_at", "opened_at", "clicked_at") VALUES (3, 'INVOICE', NULL, '🧾 Invoice INV-2026-03220-251 generated for Order #7.', 7, NULL, NULL, false, true, true, 'EMAIL', 'SENT', '2026-04-05T09:50:03.711Z', '2026-04-05T09:55:36.825Z', '2026-04-05T09:55:36.835Z');
INSERT INTO "notification" ("id", "type", "title", "message", "reference_id", "customer_id", "user_id", "is_read", "is_opened", "is_clicked", "channel", "status", "created_at", "opened_at", "clicked_at") VALUES (2, 'PAYMENT', NULL, '💰 Payment of ₹1412.46 received for Order #7. Status is now PAID.', 7, NULL, NULL, false, true, false, 'EMAIL', 'SENT', '2026-04-05T09:50:03.705Z', '2026-04-05T09:55:38.664Z', NULL);
INSERT INTO "notification" ("id", "type", "title", "message", "reference_id", "customer_id", "user_id", "is_read", "is_opened", "is_clicked", "channel", "status", "created_at", "opened_at", "clicked_at") VALUES (24, 'PAYMENT_DUE', NULL, '🔔 Payment reminder for Order #8 (₹1000.64)', 8, NULL, NULL, false, true, false, 'EMAIL', 'SENT', '2026-04-05T11:05:47.700Z', '2026-04-07T01:54:30.616Z', NULL);
INSERT INTO "notification" ("id", "type", "title", "message", "reference_id", "customer_id", "user_id", "is_read", "is_opened", "is_clicked", "channel", "status", "created_at", "opened_at", "clicked_at") VALUES (4, 'ORDER', NULL, '🛒 Order #8 placed successfully.', 8, NULL, NULL, false, true, true, 'EMAIL', 'SENT', '2026-04-05T10:21:59.606Z', '2026-04-05T10:43:12.452Z', '2026-04-05T10:43:12.466Z');
INSERT INTO "notification" ("id", "type", "title", "message", "reference_id", "customer_id", "user_id", "is_read", "is_opened", "is_clicked", "channel", "status", "created_at", "opened_at", "clicked_at") VALUES (23, 'PAYMENT_DUE', NULL, '🔔 Payment reminder for Order #8 (₹1000.64)', 8, NULL, NULL, false, true, false, 'EMAIL', 'SENT', '2026-04-05T11:05:47.264Z', '2026-04-07T01:54:30.620Z', NULL);
INSERT INTO "notification" ("id", "type", "title", "message", "reference_id", "customer_id", "user_id", "is_read", "is_opened", "is_clicked", "channel", "status", "created_at", "opened_at", "clicked_at") VALUES (5, 'ORDER', NULL, '🛒 Order #9 placed successfully.', 9, NULL, NULL, false, true, true, 'EMAIL', 'SENT', '2026-04-05T10:53:55.543Z', '2026-04-05T10:54:12.048Z', '2026-04-05T10:54:12.052Z');
INSERT INTO "notification" ("id", "type", "title", "message", "reference_id", "customer_id", "user_id", "is_read", "is_opened", "is_clicked", "channel", "status", "created_at", "opened_at", "clicked_at") VALUES (6, 'ORDER', NULL, '🛒 Order #10 placed successfully.', 10, NULL, NULL, false, true, false, 'EMAIL', 'SENT', '2026-04-05T10:55:58.404Z', '2026-04-05T10:56:31.991Z', NULL);
INSERT INTO "notification" ("id", "type", "title", "message", "reference_id", "customer_id", "user_id", "is_read", "is_opened", "is_clicked", "channel", "status", "created_at", "opened_at", "clicked_at") VALUES (36, 'PAYMENT', NULL, '💰 Payment of ₹2516.645 received for Order #9. Status is now PAID.', 9, NULL, NULL, false, true, false, 'EMAIL', 'SENT', '2026-04-05T11:23:22.812Z', '2026-04-07T01:54:30.572Z', NULL);
INSERT INTO "notification" ("id", "type", "title", "message", "reference_id", "customer_id", "user_id", "is_read", "is_opened", "is_clicked", "channel", "status", "created_at", "opened_at", "clicked_at") VALUES (37, 'INVOICE', NULL, '🧾 Invoice INV-2026-35527-254 generated for Order #9.', 9, NULL, NULL, false, true, false, 'EMAIL', 'SENT', '2026-04-05T11:23:22.835Z', '2026-04-07T01:54:30.561Z', NULL);
INSERT INTO "notification" ("id", "type", "title", "message", "reference_id", "customer_id", "user_id", "is_read", "is_opened", "is_clicked", "channel", "status", "created_at", "opened_at", "clicked_at") VALUES (35, 'PAYMENT_DUE', NULL, '🔔 Payment reminder for Order #9 (₹2516.645)', 9, NULL, NULL, false, true, false, 'EMAIL', 'SENT', '2026-04-05T11:23:09.464Z', '2026-04-07T01:54:30.579Z', NULL);
INSERT INTO "notification" ("id", "type", "title", "message", "reference_id", "customer_id", "user_id", "is_read", "is_opened", "is_clicked", "channel", "status", "created_at", "opened_at", "clicked_at") VALUES (34, 'INVOICE', NULL, '🧾 Invoice INV-2026-58385-791 generated for Order #10.', 10, NULL, NULL, false, true, false, 'EMAIL', 'SENT', '2026-04-05T11:19:34.296Z', '2026-04-07T01:54:30.584Z', NULL);
INSERT INTO "notification" ("id", "type", "title", "message", "reference_id", "customer_id", "user_id", "is_read", "is_opened", "is_clicked", "channel", "status", "created_at", "opened_at", "clicked_at") VALUES (32, 'PAYMENT_DUE', NULL, '🔔 Payment reminder for Order #9 (₹2516.645)', 9, NULL, NULL, false, true, false, 'EMAIL', 'SENT', '2026-04-05T11:18:30.814Z', '2026-04-07T01:54:30.587Z', NULL);
INSERT INTO "notification" ("id", "type", "title", "message", "reference_id", "customer_id", "user_id", "is_read", "is_opened", "is_clicked", "channel", "status", "created_at", "opened_at", "clicked_at") VALUES (33, 'PAYMENT', NULL, '💰 Payment of ₹234.82 received for Order #10. Status is now PAID.', 10, NULL, NULL, false, true, false, 'EMAIL', 'SENT', '2026-04-05T11:19:34.160Z', '2026-04-07T01:54:30.588Z', NULL);
INSERT INTO "notification" ("id", "type", "title", "message", "reference_id", "customer_id", "user_id", "is_read", "is_opened", "is_clicked", "channel", "status", "created_at", "opened_at", "clicked_at") VALUES (28, 'ORDER', NULL, '🛒 Order #10 placed successfully.', 10, NULL, NULL, false, true, false, 'EMAIL', 'SENT', '2026-04-05T11:17:31.127Z', '2026-04-07T01:54:30.610Z', NULL);
INSERT INTO "notification" ("id", "type", "title", "message", "reference_id", "customer_id", "user_id", "is_read", "is_opened", "is_clicked", "channel", "status", "created_at", "opened_at", "clicked_at") VALUES (27, 'ORDER', NULL, '🛒 Order #10 placed successfully.', 10, NULL, NULL, false, true, false, 'EMAIL', 'SENT', '2026-04-05T11:15:50.187Z', '2026-04-07T01:54:30.610Z', NULL);
INSERT INTO "notification" ("id", "type", "title", "message", "reference_id", "customer_id", "user_id", "is_read", "is_opened", "is_clicked", "channel", "status", "created_at", "opened_at", "clicked_at") VALUES (29, 'PAYMENT_DUE', NULL, '🔔 Payment reminder for Order #10 (₹234.82)', 10, NULL, NULL, false, true, false, 'EMAIL', 'SENT', '2026-04-05T11:18:22.646Z', '2026-04-07T01:54:30.611Z', NULL);
INSERT INTO "notification" ("id", "type", "title", "message", "reference_id", "customer_id", "user_id", "is_read", "is_opened", "is_clicked", "channel", "status", "created_at", "opened_at", "clicked_at") VALUES (21, 'PAYMENT_DUE', NULL, '🔔 Payment reminder for Order #8 (₹1000.64)', 8, NULL, NULL, false, true, false, 'EMAIL', 'SENT', '2026-04-05T11:05:46.293Z', '2026-04-07T01:54:30.622Z', NULL);
INSERT INTO "notification" ("id", "type", "title", "message", "reference_id", "customer_id", "user_id", "is_read", "is_opened", "is_clicked", "channel", "status", "created_at", "opened_at", "clicked_at") VALUES (26, 'PAYMENT_DUE', NULL, '🔔 Payment reminder for Order #10 (₹234.82)', 10, NULL, NULL, false, true, false, 'EMAIL', 'SENT', '2026-04-05T11:05:57.346Z', '2026-04-07T01:54:30.620Z', NULL);
INSERT INTO "notification" ("id", "type", "title", "message", "reference_id", "customer_id", "user_id", "is_read", "is_opened", "is_clicked", "channel", "status", "created_at", "opened_at", "clicked_at") VALUES (30, 'PAYMENT_DUE', NULL, '🔔 Payment reminder for Order #10 (₹234.82)', 10, NULL, NULL, false, true, false, 'EMAIL', 'SENT', '2026-04-05T11:18:24.709Z', '2026-04-07T01:54:30.621Z', NULL);
INSERT INTO "notification" ("id", "type", "title", "message", "reference_id", "customer_id", "user_id", "is_read", "is_opened", "is_clicked", "channel", "status", "created_at", "opened_at", "clicked_at") VALUES (20, 'PAYMENT_DUE', NULL, '🔔 Payment reminder for Order #8 (₹1000.64)', 8, NULL, NULL, false, true, false, 'EMAIL', 'SENT', '2026-04-05T11:05:46.076Z', '2026-04-07T01:54:30.623Z', NULL);
INSERT INTO "notification" ("id", "type", "title", "message", "reference_id", "customer_id", "user_id", "is_read", "is_opened", "is_clicked", "channel", "status", "created_at", "opened_at", "clicked_at") VALUES (19, 'PAYMENT_DUE', NULL, '🔔 Payment reminder for Order #9 (₹2516.645)', 9, NULL, NULL, false, true, false, 'EMAIL', 'SENT', '2026-04-05T11:05:44.291Z', '2026-04-07T01:54:30.623Z', NULL);
INSERT INTO "notification" ("id", "type", "title", "message", "reference_id", "customer_id", "user_id", "is_read", "is_opened", "is_clicked", "channel", "status", "created_at", "opened_at", "clicked_at") VALUES (18, 'PAYMENT_DUE', NULL, '🔔 Payment reminder for Order #9 (₹2516.645)', 9, NULL, NULL, false, true, false, 'EMAIL', 'SENT', '2026-04-05T11:05:44.062Z', '2026-04-07T01:54:30.625Z', NULL);
INSERT INTO "notification" ("id", "type", "title", "message", "reference_id", "customer_id", "user_id", "is_read", "is_opened", "is_clicked", "channel", "status", "created_at", "opened_at", "clicked_at") VALUES (22, 'PAYMENT_DUE', NULL, '🔔 Payment reminder for Order #8 (₹1000.64)', 8, NULL, NULL, false, true, false, 'EMAIL', 'SENT', '2026-04-05T11:05:46.492Z', '2026-04-07T01:54:30.627Z', NULL);
INSERT INTO "notification" ("id", "type", "title", "message", "reference_id", "customer_id", "user_id", "is_read", "is_opened", "is_clicked", "channel", "status", "created_at", "opened_at", "clicked_at") VALUES (16, 'PAYMENT_DUE', NULL, '🔔 Payment reminder for Order #10 (₹234.82)', 10, NULL, NULL, false, true, false, 'EMAIL', 'SENT', '2026-04-05T11:05:36.344Z', '2026-04-07T01:54:30.628Z', NULL);
INSERT INTO "notification" ("id", "type", "title", "message", "reference_id", "customer_id", "user_id", "is_read", "is_opened", "is_clicked", "channel", "status", "created_at", "opened_at", "clicked_at") VALUES (15, 'PAYMENT_DUE', NULL, '🔔 Payment reminder for Order #10 (₹234.82)', 10, NULL, NULL, false, true, false, 'EMAIL', 'SENT', '2026-04-05T11:04:25.032Z', '2026-04-07T01:54:30.629Z', NULL);
INSERT INTO "notification" ("id", "type", "title", "message", "reference_id", "customer_id", "user_id", "is_read", "is_opened", "is_clicked", "channel", "status", "created_at", "opened_at", "clicked_at") VALUES (14, 'PAYMENT_DUE', NULL, '🔔 Payment reminder for Order #10 (₹234.82)', 10, NULL, NULL, false, true, false, 'EMAIL', 'SENT', '2026-04-05T11:04:22.269Z', '2026-04-07T01:54:30.630Z', NULL);
INSERT INTO "notification" ("id", "type", "title", "message", "reference_id", "customer_id", "user_id", "is_read", "is_opened", "is_clicked", "channel", "status", "created_at", "opened_at", "clicked_at") VALUES (13, 'PAYMENT_DUE', NULL, '🔔 Payment reminder for Order #10 (₹234.82)', 10, NULL, NULL, false, true, false, 'EMAIL', 'SENT', '2026-04-05T11:04:20.960Z', '2026-04-07T01:54:30.631Z', NULL);
INSERT INTO "notification" ("id", "type", "title", "message", "reference_id", "customer_id", "user_id", "is_read", "is_opened", "is_clicked", "channel", "status", "created_at", "opened_at", "clicked_at") VALUES (12, 'PAYMENT_DUE', NULL, '🔔 Payment reminder for Order #10 (₹234.82)', 10, NULL, NULL, false, true, false, 'EMAIL', 'SENT', '2026-04-05T11:04:20.443Z', '2026-04-07T01:54:30.632Z', NULL);
INSERT INTO "notification" ("id", "type", "title", "message", "reference_id", "customer_id", "user_id", "is_read", "is_opened", "is_clicked", "channel", "status", "created_at", "opened_at", "clicked_at") VALUES (17, 'PAYMENT_DUE', NULL, '🔔 Payment reminder for Order #9 (₹2516.645)', 9, NULL, NULL, false, true, false, 'EMAIL', 'SENT', '2026-04-05T11:05:43.840Z', '2026-04-07T01:54:30.635Z', NULL);
INSERT INTO "notification" ("id", "type", "title", "message", "reference_id", "customer_id", "user_id", "is_read", "is_opened", "is_clicked", "channel", "status", "created_at", "opened_at", "clicked_at") VALUES (11, 'PAYMENT_DUE', NULL, '🔔 Payment reminder for Order #10 (₹234.82)', 10, NULL, NULL, false, true, false, 'EMAIL', 'SENT', '2026-04-05T11:04:18.127Z', '2026-04-07T01:54:30.636Z', NULL);
INSERT INTO "notification" ("id", "type", "title", "message", "reference_id", "customer_id", "user_id", "is_read", "is_opened", "is_clicked", "channel", "status", "created_at", "opened_at", "clicked_at") VALUES (10, 'PAYMENT_DUE', NULL, '🔔 Payment reminder for Order #10 (₹234.82)', 10, NULL, NULL, false, true, false, 'EMAIL', 'SENT', '2026-04-05T11:04:17.941Z', '2026-04-07T01:54:30.637Z', NULL);
INSERT INTO "notification" ("id", "type", "title", "message", "reference_id", "customer_id", "user_id", "is_read", "is_opened", "is_clicked", "channel", "status", "created_at", "opened_at", "clicked_at") VALUES (9, 'PAYMENT_DUE', NULL, '🔔 Payment reminder for Order #10 (₹234.82)', 10, NULL, NULL, false, true, false, 'EMAIL', 'SENT', '2026-04-05T11:04:17.709Z', '2026-04-07T01:54:30.637Z', NULL);
INSERT INTO "notification" ("id", "type", "title", "message", "reference_id", "customer_id", "user_id", "is_read", "is_opened", "is_clicked", "channel", "status", "created_at", "opened_at", "clicked_at") VALUES (8, 'PAYMENT_DUE', NULL, '🔔 Payment reminder for Order #10 (₹234.82)', 10, NULL, NULL, false, true, false, 'EMAIL', 'SENT', '2026-04-05T11:04:04.215Z', '2026-04-07T01:54:30.638Z', NULL);
INSERT INTO "notification" ("id", "type", "title", "message", "reference_id", "customer_id", "user_id", "is_read", "is_opened", "is_clicked", "channel", "status", "created_at", "opened_at", "clicked_at") VALUES (7, 'PAYMENT_DUE', NULL, '🔔 Payment reminder for Order #10 (₹234.82)', 10, NULL, NULL, false, true, false, 'EMAIL', 'SENT', '2026-04-05T11:01:03.003Z', '2026-04-07T01:54:30.638Z', NULL);
INSERT INTO "notification" ("id", "type", "title", "message", "reference_id", "customer_id", "user_id", "is_read", "is_opened", "is_clicked", "channel", "status", "created_at", "opened_at", "clicked_at") VALUES (39, 'ORDER', NULL, '🛒 Order #11 placed successfully.', 11, NULL, NULL, false, true, false, 'EMAIL', 'SENT', '2026-04-07T02:02:49.493Z', '2026-04-07T02:05:56.544Z', NULL);
INSERT INTO "notification" ("id", "type", "title", "message", "reference_id", "customer_id", "user_id", "is_read", "is_opened", "is_clicked", "channel", "status", "created_at", "opened_at", "clicked_at") VALUES (38, 'PAYMENT_DUE', NULL, '🔔 Payment reminder for Order #2 (₹234.82)', 2, NULL, NULL, false, true, false, 'EMAIL', 'SENT', '2026-04-07T01:55:36.770Z', '2026-04-07T02:05:56.546Z', NULL);
INSERT INTO "notification" ("id", "type", "title", "message", "reference_id", "customer_id", "user_id", "is_read", "is_opened", "is_clicked", "channel", "status", "created_at", "opened_at", "clicked_at") VALUES (43, 'INVOICE', NULL, '🧾 Invoice INV-2026-06245-203 generated for Order #12.', 12, NULL, NULL, false, true, false, 'EMAIL', 'SENT', '2026-04-07T03:45:26.864Z', '2026-04-07T03:46:39.973Z', NULL);
INSERT INTO "notification" ("id", "type", "title", "message", "reference_id", "customer_id", "user_id", "is_read", "is_opened", "is_clicked", "channel", "status", "created_at", "opened_at", "clicked_at") VALUES (42, 'PAYMENT', NULL, '💰 Payment of ₹1.18 received for Order #12. Status is now PAID.', 12, NULL, NULL, false, true, false, 'EMAIL', 'SENT', '2026-04-07T03:45:26.822Z', '2026-04-07T03:46:39.976Z', NULL);
INSERT INTO "notification" ("id", "type", "title", "message", "reference_id", "customer_id", "user_id", "is_read", "is_opened", "is_clicked", "channel", "status", "created_at", "opened_at", "clicked_at") VALUES (41, 'PAYMENT_DUE', NULL, '🔔 Payment reminder for Order #12 (₹1.18)', 12, NULL, NULL, false, true, false, 'EMAIL', 'SENT', '2026-04-07T03:44:33.583Z', '2026-04-07T03:46:39.978Z', NULL);
INSERT INTO "notification" ("id", "type", "title", "message", "reference_id", "customer_id", "user_id", "is_read", "is_opened", "is_clicked", "channel", "status", "created_at", "opened_at", "clicked_at") VALUES (40, 'ORDER', NULL, '🛒 Order #12 placed successfully.', 12, NULL, NULL, false, true, false, 'EMAIL', 'SENT', '2026-04-07T03:43:26.263Z', '2026-04-07T03:46:39.982Z', NULL);
TRUNCATE TABLE "cart" CASCADE;
INSERT INTO "cart" ("id", "customer_id", "status", "created_at") VALUES (29, 5, 'ACTIVE', '2026-04-05T09:19:41.061Z');
INSERT INTO "cart" ("id", "customer_id", "status", "created_at") VALUES (30, 1, 'ACTIVE', '2026-04-07T02:45:52.226Z');
TRUNCATE TABLE "cart_item" CASCADE;
INSERT INTO "cart_item" ("id", "cart_id", "product_id", "quantity") VALUES (8, 30, 2, 1);
COMMIT;
