-- AGROMART DATA RESTORATION SCRIPT
BEGIN;
SET CONSTRAINTS ALL DEFERRED;
TRUNCATE TABLE "users" CASCADE;
INSERT INTO "users" ("id", "name", "email", "password", "role", "is_verified", "otp", "otp_expiry", "created_at", "updated_at", "auth_provider") VALUES (5, 'MeetVirugama', 'meet56963@gmail.com', '$2b$10$FdJooJoKHu4kM78jNGZ/Du70udwjDKJ.oqo3T6Xb4T54QtGydO0mq', 'ADMIN', true, NULL, NULL, '2026-04-02T07:36:40.540Z', '2026-04-04T08:50:37.415Z', 'LOCAL');
INSERT INTO "users" ("id", "name", "email", "password", "role", "is_verified", "otp", "otp_expiry", "created_at", "updated_at", "auth_provider") VALUES (28, 'Ramesh Kumar', 'ramesh@farmer.com', '$2b$10$aBKivBFjM85GLs18diOR5eEK93mkNkjSZXjUzYPT0EnRQaRdQ53ay', 'CUSTOMER', true, NULL, NULL, '2026-04-05T06:53:50.063Z', '2026-04-05T06:53:50.063Z', 'LOCAL');
INSERT INTO "users" ("id", "name", "email", "password", "role", "is_verified", "otp", "otp_expiry", "created_at", "updated_at", "auth_provider") VALUES (29, 'Anita Singh', 'anita@agri.com', '$2b$10$aBKivBFjM85GLs18diOR5eEK93mkNkjSZXjUzYPT0EnRQaRdQ53ay', 'CUSTOMER', true, NULL, NULL, '2026-04-05T06:53:50.105Z', '2026-04-05T06:53:50.105Z', 'LOCAL');
INSERT INTO "users" ("id", "name", "email", "password", "role", "is_verified", "otp", "otp_expiry", "created_at", "updated_at", "auth_provider") VALUES (30, 'Suresh Bhai', 'suresh@village.com', '$2b$10$aBKivBFjM85GLs18diOR5eEK93mkNkjSZXjUzYPT0EnRQaRdQ53ay', 'CUSTOMER', true, NULL, NULL, '2026-04-05T06:53:50.121Z', '2026-04-05T06:53:50.121Z', 'LOCAL');
INSERT INTO "users" ("id", "name", "email", "password", "role", "is_verified", "otp", "otp_expiry", "created_at", "updated_at", "auth_provider") VALUES (31, 'Deepak Verma', 'deepak@morbi.com', '$2b$10$aBKivBFjM85GLs18diOR5eEK93mkNkjSZXjUzYPT0EnRQaRdQ53ay', 'CUSTOMER', true, NULL, NULL, '2026-04-05T06:53:50.132Z', '2026-04-05T06:53:50.132Z', 'LOCAL');
INSERT INTO "users" ("id", "name", "email", "password", "role", "is_verified", "otp", "otp_expiry", "created_at", "updated_at", "auth_provider") VALUES (32, 'meet virugama', 'meetvirugama4902@gmail.com', NULL, 'ADMIN', true, NULL, NULL, '2026-04-05T09:15:00.945Z', '2026-04-05T09:15:00.945Z', 'GOOGLE');
INSERT INTO "users" ("id", "name", "email", "password", "role", "is_verified", "otp", "otp_expiry", "created_at", "updated_at", "auth_provider") VALUES (33, 'Meet Gajanvav', 'meetgajanvav@gmail.com', NULL, 'CUSTOMER', true, NULL, NULL, '2026-04-05T09:19:35.552Z', '2026-04-05T09:19:35.552Z', 'GOOGLE');
TRUNCATE TABLE "supplier" CASCADE;
INSERT INTO "supplier" ("id", "name", "mobile") VALUES (1, 'AgroMart Official Global Sourcing', '9988776655');
TRUNCATE TABLE "customer" CASCADE;
INSERT INTO "customer" ("id", "user_id", "name", "mobile", "village", "gst", "credit_limit", "total_purchase", "total_paid", "total_due", "discount_percent", "tag", "credit_score", "email") VALUES (1, 28, 'Ramesh Kumar', '9876543210', 'Pipaliya', NULL, 0, 6951.379999999999, 3358.2799999999997, 3593.1, 0, 'PLATINUM', 100, 'ramesh@farmer.com');
INSERT INTO "customer" ("id", "user_id", "name", "mobile", "village", "gst", "credit_limit", "total_purchase", "total_paid", "total_due", "discount_percent", "tag", "credit_score", "email") VALUES (2, 29, 'Anita Singh', '8765432109', 'Gondal', NULL, 0, 4179.5599999999995, 1324.55, 2855.01, 0, 'REGULAR', 100, 'anita@agri.com');
INSERT INTO "customer" ("id", "user_id", "name", "mobile", "village", "gst", "credit_limit", "total_purchase", "total_paid", "total_due", "discount_percent", "tag", "credit_score", "email") VALUES (3, 30, 'Suresh Bhai', '7654321098', 'Rajkot', NULL, 0, 5125.92, 0, 5125.92, 0, 'NEW', 100, 'suresh@village.com');
INSERT INTO "customer" ("id", "user_id", "name", "mobile", "village", "gst", "credit_limit", "total_purchase", "total_paid", "total_due", "discount_percent", "tag", "credit_score", "email") VALUES (4, 31, 'Deepak Verma', '6543210987', 'Morbi', NULL, 0, 765.8199999999999, 0, 765.8199999999999, 0, 'DUE', 100, 'deepak@morbi.com');
INSERT INTO "customer" ("id", "user_id", "name", "mobile", "village", "gst", "credit_limit", "total_purchase", "total_paid", "total_due", "discount_percent", "tag", "credit_score", "email") VALUES (5, 33, 'Meet Gajanvav', 'G-33-00575571', NULL, NULL, 0, 7742.93, 4165.11, 3577.83, 0, 'ACTIVE', 100, NULL);
TRUNCATE TABLE "product" CASCADE;
INSERT INTO "product" ("id", "name", "category", "brand", "mrp", "selling_price", "cost_price", "unit", "batch_number", "expiry_date", "supplier_id", "created_by", "image", "description", "stock") VALUES (5, 'Neem Oil Bio-Shield 3000PPM', 'Pesticides', 'GreenGuard', 550, 449, 320, '500 ML', NULL, NULL, 1, 5, 'https://images.unsplash.com/photo-1628352081506-83c43143df6b?w=400&auto=format&fit=crop', '100% natural cold-pressed neem oil. Effectively controls over 200 types of pests.', 293);
INSERT INTO "product" ("id", "name", "category", "brand", "mrp", "selling_price", "cost_price", "unit", "batch_number", "expiry_date", "supplier_id", "created_by", "image", "description", "stock") VALUES (2, 'Urea White Gold Granules', 'Fertilizers', 'AgroPremium', 450, 399, 300, '50 KG Bag', NULL, NULL, 1, 5, 'https://images.unsplash.com/photo-1585314062340-f1a5a7c9328d?w=400&auto=format&fit=crop', 'High-grade nitrogen fertilizer for green vegetative growth and leaf development.', 199);
INSERT INTO "product" ("id", "name", "category", "brand", "mrp", "selling_price", "cost_price", "unit", "batch_number", "expiry_date", "supplier_id", "created_by", "image", "description", "stock") VALUES (4, 'Premium Wheat High-Yield Gold', 'Seeds', 'EliteHarvest', 1200, 950, 700, '40 KG Bag', NULL, NULL, 1, 5, 'https://images.unsplash.com/photo-1574323347407-f5e1ad6d020b?w=400&auto=format&fit=crop', 'Climate-resilient wheat seeds for bumper harvest. High protein content.', 149);
INSERT INTO "product" ("id", "name", "category", "brand", "mrp", "selling_price", "cost_price", "unit", "batch_number", "expiry_date", "supplier_id", "created_by", "image", "description", "stock") VALUES (3, 'Hybrid Tomato F1 Ruby', 'Seeds', 'EliteHarvest', 250, 199, 120, '10gm Packet', NULL, NULL, 1, 5, 'https://images.unsplash.com/photo-1592924357228-91a4daadcfea?w=400&auto=format&fit=crop', 'Vibrant red, disease-resistant hybrid tomato. Fast-maturing and high shelf-life.', 997);
INSERT INTO "product" ("id", "name", "category", "brand", "mrp", "selling_price", "cost_price", "unit", "batch_number", "expiry_date", "supplier_id", "created_by", "image", "description", "stock") VALUES (6, 'Fungicide Green Guard Pro', 'Pesticides', 'GreenGuard', 890, 749, 550, '250gm Packet', NULL, NULL, 1, 5, 'https://images.unsplash.com/photo-1512148764024-5a67c4164b7f?w=400&auto=format&fit=crop', 'Systemic fungicide for treating soil-borne and foliar diseases in vegetables.', 441);
INSERT INTO "product" ("id", "name", "category", "brand", "mrp", "selling_price", "cost_price", "unit", "batch_number", "expiry_date", "supplier_id", "created_by", "image", "description", "stock") VALUES (1, 'Organic NPK 19-19-19 Liquid', 'Fertilizers', 'AgroPremium', 850, 649, 450, '1 Litre', NULL, NULL, 1, 5, 'https://images.unsplash.com/photo-1592982537447-6f2bf37a5f82?w=400&auto=format&fit=crop', 'High-concentration balanced fertilizer for all types of crops. Enhances growth and root development.', 496);
INSERT INTO "product" ("id", "name", "category", "brand", "mrp", "selling_price", "cost_price", "unit", "batch_number", "expiry_date", "supplier_id", "created_by", "image", "description", "stock") VALUES (7, 'MadhavThesiya', 'seed', 'THOKU', 1, 1, NULL, NULL, NULL, NULL, 1, 5, NULL, NULL, 100);
TRUNCATE TABLE "orders" CASCADE;
INSERT INTO "orders" ("id", "customer_id", "order_date", "total_amount", "discount", "cgst", "sgst", "igst", "gst_total", "final_amount", "invoice_number", "status", "due_date", "created_by", "paid_amount", "createdAt", "updatedAt") VALUES (1, 1, '2026-04-05T06:53:50.075Z', 5692, 0, 0, 0, 0, 1024.56, 6716.5599999999995, 'INV-1775391830075-73', 'PARTIAL', NULL, 5, 3358.2799999999997, '2026-04-05T15:55:19.624Z', '2026-04-05T15:55:19.643Z');
INSERT INTO "orders" ("id", "customer_id", "order_date", "total_amount", "discount", "cgst", "sgst", "igst", "gst_total", "final_amount", "invoice_number", "status", "due_date", "created_by", "paid_amount", "createdAt", "updatedAt") VALUES (2, 1, '2026-04-05T06:53:50.098Z', 199, 0, 0, 0, 0, 35.82, 234.82, 'INV-1775391830098-285', 'PENDING', NULL, 5, 0, '2026-04-05T15:55:19.624Z', '2026-04-05T15:55:19.643Z');
INSERT INTO "orders" ("id", "customer_id", "order_date", "total_amount", "discount", "cgst", "sgst", "igst", "gst_total", "final_amount", "invoice_number", "status", "due_date", "created_by", "paid_amount", "createdAt", "updatedAt") VALUES (3, 2, '2026-04-05T06:53:50.106Z', 2245, 0, 0, 0, 0, 404.09999999999997, 2649.1, 'INV-1775391830106-412', 'PARTIAL', NULL, 5, 1324.55, '2026-04-05T15:55:19.624Z', '2026-04-05T15:55:19.643Z');
INSERT INTO "orders" ("id", "customer_id", "order_date", "total_amount", "discount", "cgst", "sgst", "igst", "gst_total", "final_amount", "invoice_number", "status", "due_date", "created_by", "paid_amount", "createdAt", "updatedAt") VALUES (4, 2, '2026-04-05T06:53:50.113Z', 1297, 0, 0, 0, 0, 233.45999999999998, 1530.46, 'INV-1775391830113-189', 'PENDING', NULL, 5, 0, '2026-04-05T15:55:19.624Z', '2026-04-05T15:55:19.643Z');
INSERT INTO "orders" ("id", "customer_id", "order_date", "total_amount", "discount", "cgst", "sgst", "igst", "gst_total", "final_amount", "invoice_number", "status", "due_date", "created_by", "paid_amount", "createdAt", "updatedAt") VALUES (5, 3, '2026-04-05T06:53:50.123Z', 4344, 0, 0, 0, 0, 781.92, 5125.92, 'INV-1775391830123-869', 'PENDING', NULL, 5, 0, '2026-04-05T15:55:19.624Z', '2026-04-05T15:55:19.643Z');
INSERT INTO "orders" ("id", "customer_id", "order_date", "total_amount", "discount", "cgst", "sgst", "igst", "gst_total", "final_amount", "invoice_number", "status", "due_date", "created_by", "paid_amount", "createdAt", "updatedAt") VALUES (6, 4, '2026-04-05T06:53:50.134Z', 649, 0, 0, 0, 0, 116.82, 765.8199999999999, 'INV-1775391830134-900', 'PENDING', NULL, 5, 0, '2026-04-05T15:55:19.624Z', '2026-04-05T15:55:19.643Z');
INSERT INTO "orders" ("id", "customer_id", "order_date", "total_amount", "discount", "cgst", "sgst", "igst", "gst_total", "final_amount", "invoice_number", "status", "due_date", "created_by", "paid_amount", "createdAt", "updatedAt") VALUES (7, 5, '2026-04-05T09:20:03.220Z', 1197, 0, 107.73, 107.73, 0, 215.46, 1412.46, 'INV-2026-03220-251', 'PAID', NULL, 33, 1412.46, '2026-04-05T15:55:19.624Z', '2026-04-05T15:55:19.643Z');
INSERT INTO "orders" ("id", "customer_id", "order_date", "total_amount", "discount", "cgst", "sgst", "igst", "gst_total", "final_amount", "invoice_number", "status", "due_date", "created_by", "paid_amount", "createdAt", "updatedAt") VALUES (8, 5, '2026-04-05T10:21:59.575Z', 848, 0, 76.32, 76.32, 0, 152.64, 1000.64, 'INV-2026-19574-024', 'PENDING', NULL, 33, 0, '2026-04-05T15:55:19.624Z', '2026-04-05T15:55:19.643Z');
INSERT INTO "orders" ("id", "customer_id", "order_date", "total_amount", "discount", "cgst", "sgst", "igst", "gst_total", "final_amount", "invoice_number", "status", "due_date", "created_by", "paid_amount", "createdAt", "updatedAt") VALUES (10, 5, '2026-04-05T10:55:58.385Z', 199, 0, 17.91, 17.91, 0, 35.82, 234.82, 'INV-2026-58385-791', 'PAID', NULL, 33, 234.82, '2026-04-05T16:25:58.385Z', '2026-04-05T16:49:34.065Z');
INSERT INTO "orders" ("id", "customer_id", "order_date", "total_amount", "discount", "cgst", "sgst", "igst", "gst_total", "final_amount", "invoice_number", "status", "due_date", "created_by", "paid_amount", "createdAt", "updatedAt") VALUES (9, 5, '2026-04-05T10:53:55.528Z', 2245, 112.25, 191.9475, 191.9475, 0, 383.895, 2516.645, 'INV-2026-35527-254', 'PAID', NULL, 33, 2516.65, '2026-04-05T16:23:55.528Z', '2026-04-05T16:53:22.797Z');
INSERT INTO "orders" ("id", "customer_id", "order_date", "total_amount", "discount", "cgst", "sgst", "igst", "gst_total", "final_amount", "invoice_number", "status", "due_date", "created_by", "paid_amount", "createdAt", "updatedAt") VALUES (11, 5, '2026-04-07T02:02:49.472Z', 2299, 114.95, 196.5645, 196.5645, 0, 393.129, 2577.179, 'INV-2026-69472-245', 'PENDING', NULL, 5, 0, '2026-04-07T07:32:49.472Z', '2026-04-07T07:32:49.472Z');
INSERT INTO "orders" ("id", "customer_id", "order_date", "total_amount", "discount", "cgst", "sgst", "igst", "gst_total", "final_amount", "invoice_number", "status", "due_date", "created_by", "paid_amount", "createdAt", "updatedAt") VALUES (12, 5, '2026-04-07T03:43:26.245Z', 1, 0, 0.09, 0.09, 0, 0.18, 1.18, 'INV-2026-06245-203', 'PAID', NULL, 5, 1.18, '2026-04-07T09:13:26.245Z', '2026-04-07T09:15:26.811Z');
TRUNCATE TABLE "order_item" CASCADE;
INSERT INTO "order_item" ("id", "order_id", "product_id", "quantity", "price", "total") VALUES (1, 1, 1, 3, 649, 1947);
INSERT INTO "order_item" ("id", "order_id", "product_id", "quantity", "price", "total") VALUES (2, 1, 6, 5, 749, 3745);
INSERT INTO "order_item" ("id", "order_id", "product_id", "quantity", "price", "total") VALUES (3, 2, 3, 1, 199, 199);
INSERT INTO "order_item" ("id", "order_id", "product_id", "quantity", "price", "total") VALUES (4, 3, 5, 5, 449, 2245);
INSERT INTO "order_item" ("id", "order_id", "product_id", "quantity", "price", "total") VALUES (5, 4, 5, 2, 449, 898);
INSERT INTO "order_item" ("id", "order_id", "product_id", "quantity", "price", "total") VALUES (6, 4, 2, 1, 399, 399);
INSERT INTO "order_item" ("id", "order_id", "product_id", "quantity", "price", "total") VALUES (7, 5, 4, 1, 950, 950);
INSERT INTO "order_item" ("id", "order_id", "product_id", "quantity", "price", "total") VALUES (8, 5, 3, 2, 199, 398);
INSERT INTO "order_item" ("id", "order_id", "product_id", "quantity", "price", "total") VALUES (9, 5, 6, 4, 749, 2996);
INSERT INTO "order_item" ("id", "order_id", "product_id", "quantity", "price", "total") VALUES (10, 6, 1, 1, 649, 649);
INSERT INTO "order_item" ("id", "order_id", "product_id", "quantity", "price", "total") VALUES (11, 7, 2, 3, 399, 1197);
INSERT INTO "order_item" ("id", "order_id", "product_id", "quantity", "price", "total") VALUES (12, 8, 2, 1, 399, 399);
INSERT INTO "order_item" ("id", "order_id", "product_id", "quantity", "price", "total") VALUES (13, 8, 5, 1, 449, 449);
INSERT INTO "order_item" ("id", "order_id", "product_id", "quantity", "price", "total") VALUES (14, 9, 5, 5, 449, 2245);
INSERT INTO "order_item" ("id", "order_id", "product_id", "quantity", "price", "total") VALUES (15, 10, 3, 1, 199, 199);
INSERT INTO "order_item" ("id", "order_id", "product_id", "quantity", "price", "total") VALUES (16, 11, 2, 1, 399, 399);
INSERT INTO "order_item" ("id", "order_id", "product_id", "quantity", "price", "total") VALUES (17, 11, 4, 2, 950, 1900);
INSERT INTO "order_item" ("id", "order_id", "product_id", "quantity", "price", "total") VALUES (18, 12, 7, 1, 1, 1);
TRUNCATE TABLE "payment" CASCADE;
INSERT INTO "payment" ("id", "order_id", "amount", "payment_mode", "payment_date", "reference_no", "created_by") VALUES (1, 1, 3358.2799999999997, 'CASH', '2026-04-05T06:53:50.089Z', 'DEMO-PAY-1', 5);
INSERT INTO "payment" ("id", "order_id", "amount", "payment_mode", "payment_date", "reference_no", "created_by") VALUES (2, 3, 1324.55, 'CASH', '2026-04-05T06:53:50.110Z', 'DEMO-PAY-3', 5);
INSERT INTO "payment" ("id", "order_id", "amount", "payment_mode", "payment_date", "reference_no", "created_by") VALUES (3, 7, 1412.46, 'CASH', '2026-04-05T09:50:03.682Z', NULL, 5);
INSERT INTO "payment" ("id", "order_id", "amount", "payment_mode", "payment_date", "reference_no", "created_by") VALUES (4, 10, 234.82, 'CASH', '2026-04-05T11:19:34.053Z', NULL, 5);
INSERT INTO "payment" ("id", "order_id", "amount", "payment_mode", "payment_date", "reference_no", "created_by") VALUES (5, 9, 2516.645, 'CASH', '2026-04-05T11:23:22.789Z', NULL, 5);
INSERT INTO "payment" ("id", "order_id", "amount", "payment_mode", "payment_date", "reference_no", "created_by") VALUES (6, 12, 1.18, 'CASH', '2026-04-07T03:45:26.799Z', NULL, 5);
TRUNCATE TABLE "ledger" CASCADE;
INSERT INTO "ledger" ("id", "customer_id", "type", "amount", "balance", "reference_type", "reference_id", "description") VALUES (1, 1, 'DEBIT', 6716.5599999999995, NULL, NULL, NULL, 'Order INV-1775391830075-73');
INSERT INTO "ledger" ("id", "customer_id", "type", "amount", "balance", "reference_type", "reference_id", "description") VALUES (2, 1, 'CREDIT', 3358.2799999999997, NULL, NULL, NULL, 'Payment for INV-1775391830075-73');
INSERT INTO "ledger" ("id", "customer_id", "type", "amount", "balance", "reference_type", "reference_id", "description") VALUES (3, 1, 'DEBIT', 234.82, NULL, NULL, NULL, 'Order INV-1775391830098-285');
INSERT INTO "ledger" ("id", "customer_id", "type", "amount", "balance", "reference_type", "reference_id", "description") VALUES (4, 2, 'DEBIT', 2649.1, NULL, NULL, NULL, 'Order INV-1775391830106-412');
INSERT INTO "ledger" ("id", "customer_id", "type", "amount", "balance", "reference_type", "reference_id", "description") VALUES (5, 2, 'CREDIT', 1324.55, NULL, NULL, NULL, 'Payment for INV-1775391830106-412');
INSERT INTO "ledger" ("id", "customer_id", "type", "amount", "balance", "reference_type", "reference_id", "description") VALUES (6, 2, 'DEBIT', 1530.46, NULL, NULL, NULL, 'Order INV-1775391830113-189');
INSERT INTO "ledger" ("id", "customer_id", "type", "amount", "balance", "reference_type", "reference_id", "description") VALUES (7, 3, 'DEBIT', 5125.92, NULL, NULL, NULL, 'Order INV-1775391830123-869');
INSERT INTO "ledger" ("id", "customer_id", "type", "amount", "balance", "reference_type", "reference_id", "description") VALUES (8, 4, 'DEBIT', 765.8199999999999, NULL, NULL, NULL, 'Order INV-1775391830134-900');
INSERT INTO "ledger" ("id", "customer_id", "type", "amount", "balance", "reference_type", "reference_id", "description") VALUES (9, 5, 'DEBIT', 1412.46, 1412.46, 'ORDER', 7, 'Order #7 created (GST + discount applied)');
INSERT INTO "ledger" ("id", "customer_id", "type", "amount", "balance", "reference_type", "reference_id", "description") VALUES (10, 5, 'CREDIT', 1412.46, 0, 'PAYMENT', 7, 'Payment received');
INSERT INTO "ledger" ("id", "customer_id", "type", "amount", "balance", "reference_type", "reference_id", "description") VALUES (11, 5, 'DEBIT', 1000.64, 1000.64, 'ORDER', 8, 'Order #8 created (GST + discount applied)');
INSERT INTO "ledger" ("id", "customer_id", "type", "amount", "balance", "reference_type", "reference_id", "description") VALUES (12, 5, 'DEBIT', 2516.645, 3517.285, 'ORDER', 9, 'Order #9 created (GST + discount applied)');
INSERT INTO "ledger" ("id", "customer_id", "type", "amount", "balance", "reference_type", "reference_id", "description") VALUES (13, 5, 'DEBIT', 234.82, 3752.105, 'ORDER', 10, 'Order #10 created (GST + discount applied)');
INSERT INTO "ledger" ("id", "customer_id", "type", "amount", "balance", "reference_type", "reference_id", "description") VALUES (14, 5, 'CREDIT', 234.82, 3517.285, 'PAYMENT', 10, 'Payment received');
INSERT INTO "ledger" ("id", "customer_id", "type", "amount", "balance", "reference_type", "reference_id", "description") VALUES (15, 5, 'CREDIT', 2516.645, 1000.6399999999999, 'PAYMENT', 9, 'Payment received');
INSERT INTO "ledger" ("id", "customer_id", "type", "amount", "balance", "reference_type", "reference_id", "description") VALUES (16, 5, 'DEBIT', 2577.179, 3577.819, 'ORDER', 11, 'Order #11 created (GST + discount applied)');
INSERT INTO "ledger" ("id", "customer_id", "type", "amount", "balance", "reference_type", "reference_id", "description") VALUES (17, 5, 'DEBIT', 1.18, 3578.999, 'ORDER', 12, 'Order #12 created (GST + discount applied)');
INSERT INTO "ledger" ("id", "customer_id", "type", "amount", "balance", "reference_type", "reference_id", "description") VALUES (18, 5, 'CREDIT', 1.18, 3577.819, 'PAYMENT', 12, 'Payment received');
TRUNCATE TABLE "inventory" CASCADE;
INSERT INTO "inventory" ("id", "product_id", "quantity_change", "type", "reference_type", "reference_id") VALUES (1, 1, 500, 'IN', 'INITIAL_STOCK', 1);
INSERT INTO "inventory" ("id", "product_id", "quantity_change", "type", "reference_type", "reference_id") VALUES (2, 2, 200, 'IN', 'INITIAL_STOCK', 2);
INSERT INTO "inventory" ("id", "product_id", "quantity_change", "type", "reference_type", "reference_id") VALUES (3, 3, 1000, 'IN', 'INITIAL_STOCK', 3);
INSERT INTO "inventory" ("id", "product_id", "quantity_change", "type", "reference_type", "reference_id") VALUES (4, 4, 150, 'IN', 'INITIAL_STOCK', 4);
INSERT INTO "inventory" ("id", "product_id", "quantity_change", "type", "reference_type", "reference_id") VALUES (5, 5, 300, 'IN', 'INITIAL_STOCK', 5);
INSERT INTO "inventory" ("id", "product_id", "quantity_change", "type", "reference_type", "reference_id") VALUES (6, 6, 450, 'IN', 'INITIAL_STOCK', 6);
INSERT INTO "inventory" ("id", "product_id", "quantity_change", "type", "reference_type", "reference_id") VALUES (7, 1, -3, 'OUT', 'ORDER', 1);
INSERT INTO "inventory" ("id", "product_id", "quantity_change", "type", "reference_type", "reference_id") VALUES (8, 6, -5, 'OUT', 'ORDER', 1);
INSERT INTO "inventory" ("id", "product_id", "quantity_change", "type", "reference_type", "reference_id") VALUES (9, 3, -1, 'OUT', 'ORDER', 2);
INSERT INTO "inventory" ("id", "product_id", "quantity_change", "type", "reference_type", "reference_id") VALUES (10, 5, -5, 'OUT', 'ORDER', 3);
INSERT INTO "inventory" ("id", "product_id", "quantity_change", "type", "reference_type", "reference_id") VALUES (11, 5, -2, 'OUT', 'ORDER', 4);
INSERT INTO "inventory" ("id", "product_id", "quantity_change", "type", "reference_type", "reference_id") VALUES (12, 2, -1, 'OUT', 'ORDER', 4);
INSERT INTO "inventory" ("id", "product_id", "quantity_change", "type", "reference_type", "reference_id") VALUES (13, 4, -1, 'OUT', 'ORDER', 5);
INSERT INTO "inventory" ("id", "product_id", "quantity_change", "type", "reference_type", "reference_id") VALUES (14, 3, -2, 'OUT', 'ORDER', 5);
INSERT INTO "inventory" ("id", "product_id", "quantity_change", "type", "reference_type", "reference_id") VALUES (15, 6, -4, 'OUT', 'ORDER', 5);
INSERT INTO "inventory" ("id", "product_id", "quantity_change", "type", "reference_type", "reference_id") VALUES (16, 1, -1, 'OUT', 'ORDER', 6);
INSERT INTO "inventory" ("id", "product_id", "quantity_change", "type", "reference_type", "reference_id") VALUES (17, 2, -3, 'OUT', 'ORDER', 7);
INSERT INTO "inventory" ("id", "product_id", "quantity_change", "type", "reference_type", "reference_id") VALUES (18, 2, -1, 'OUT', 'ORDER', 8);
INSERT INTO "inventory" ("id", "product_id", "quantity_change", "type", "reference_type", "reference_id") VALUES (19, 5, -1, 'OUT', 'ORDER', 8);
INSERT INTO "inventory" ("id", "product_id", "quantity_change", "type", "reference_type", "reference_id") VALUES (20, 5, -5, 'OUT', 'ORDER', 9);
INSERT INTO "inventory" ("id", "product_id", "quantity_change", "type", "reference_type", "reference_id") VALUES (21, 3, -1, 'OUT', 'ORDER', 10);
INSERT INTO "inventory" ("id", "product_id", "quantity_change", "type", "reference_type", "reference_id") VALUES (22, 2, -1, 'OUT', 'ORDER', 11);
INSERT INTO "inventory" ("id", "product_id", "quantity_change", "type", "reference_type", "reference_id") VALUES (23, 4, -2, 'OUT', 'ORDER', 11);
INSERT INTO "inventory" ("id", "product_id", "quantity_change", "type", "reference_type", "reference_id") VALUES (24, 7, 1, 'IN', 'MANUAL', 5);
INSERT INTO "inventory" ("id", "product_id", "quantity_change", "type", "reference_type", "reference_id") VALUES (25, 7, -1, 'OUT', 'ORDER', 12);
INSERT INTO "inventory" ("id", "product_id", "quantity_change", "type", "reference_type", "reference_id") VALUES (26, 7, 99, 'IN', 'MANUAL', 5);
TRUNCATE TABLE "notification" CASCADE;
INSERT INTO "notification" ("id", "type", "title", "message", "reference_id", "customer_id", "user_id", "is_read", "is_opened", "is_clicked", "channel", "status", "created_at", "opened_at", "clicked_at") VALUES (31, 'PAYMENT_DUE', NULL, '🔔 Payment reminder for Order #10 (₹234.82)', 10, NULL, NULL, false, true, false, 'EMAIL', 'SENT', '2026-04-05T11:18:29.663Z', '2026-04-07T01:54:30.612Z', NULL);
INSERT INTO "notification" ("id", "type", "title", "message", "reference_id", "customer_id", "user_id", "is_read", "is_opened", "is_clicked", "channel", "status", "created_at", "opened_at", "clicked_at") VALUES (1, 'ORDER', NULL, '🛒 Order #7 placed successfully.', 7, NULL, NULL, false, true, true, 'EMAIL', 'SENT', '2026-04-05T09:20:03.235Z', '2026-04-05T09:49:24.144Z', '2026-04-05T09:49:24.157Z');
INSERT INTO "notification" ("id", "type", "title", "message", "reference_id", "customer_id", "user_id", "is_read", "is_opened", "is_clicked", "channel", "status", "created_at", "opened_at", "clicked_at") VALUES (25, 'PAYMENT_DUE', NULL, '🔔 Payment reminder for Order #10 (₹234.82)', 10, NULL, NULL, false, true, false, 'EMAIL', 'SENT', '2026-04-05T11:05:53.725Z', '2026-04-07T01:54:30.615Z', NULL);
INSERT INTO "notification" ("id", "type", "title", "message", "reference_id", "customer_id", "user_id", "is_read", "is_opened", "is_clicked", "channel", "status", "created_at", "opened_at", "clicked_at") VALUES (3, 'INVOICE', NULL, '🧾 Invoice INV-2026-03220-251 generated for Order #7.', 7, NULL, NULL, false, true, true, 'EMAIL', 'SENT', '2026-04-05T09:50:03.711Z', '2026-04-05T09:55:36.825Z', '2026-04-05T09:55:36.835Z');
INSERT INTO "notification" ("id", "type", "title", "message", "reference_id", "customer_id", "user_id", "is_read", "is_opened", "is_clicked", "channel", "status", "created_at", "opened_at", "clicked_at") VALUES (2, 'PAYMENT', NULL, '💰 Payment of ₹1412.46 received for Order #7. Status is now PAID.', 7, NULL, NULL, false, true, false, 'EMAIL', 'SENT', '2026-04-05T09:50:03.705Z', '2026-04-05T09:55:38.664Z', NULL);
INSERT INTO "notification" ("id", "type", "title", "message", "reference_id", "customer_id", "user_id", "is_read", "is_opened", "is_clicked", "channel", "status", "created_at", "opened_at", "clicked_at") VALUES (24, 'PAYMENT_DUE', NULL, '🔔 Payment reminder for Order #8 (₹1000.64)', 8, NULL, NULL, false, true, false, 'EMAIL', 'SENT', '2026-04-05T11:05:47.700Z', '2026-04-07T01:54:30.616Z', NULL);
INSERT INTO "notification" ("id", "type", "title", "message", "reference_id", "customer_id", "user_id", "is_read", "is_opened", "is_clicked", "channel", "status", "created_at", "opened_at", "clicked_at") VALUES (4, 'ORDER', NULL, '🛒 Order #8 placed successfully.', 8, NULL, NULL, false, true, true, 'EMAIL', 'SENT', '2026-04-05T10:21:59.606Z', '2026-04-05T10:43:12.452Z', '2026-04-05T10:43:12.466Z');
INSERT INTO "notification" ("id", "type", "title", "message", "reference_id", "customer_id", "user_id", "is_read", "is_opened", "is_clicked", "channel", "status", "created_at", "opened_at", "clicked_at") VALUES (23, 'PAYMENT_DUE', NULL, '🔔 Payment reminder for Order #8 (₹1000.64)', 8, NULL, NULL, false, true, false, 'EMAIL', 'SENT', '2026-04-05T11:05:47.264Z', '2026-04-07T01:54:30.620Z', NULL);
INSERT INTO "notification" ("id", "type", "title", "message", "reference_id", "customer_id", "user_id", "is_read", "is_opened", "is_clicked", "channel", "status", "created_at", "opened_at", "clicked_at") VALUES (5, 'ORDER', NULL, '🛒 Order #9 placed successfully.', 9, NULL, NULL, false, true, true, 'EMAIL', 'SENT', '2026-04-05T10:53:55.543Z', '2026-04-05T10:54:12.048Z', '2026-04-05T10:54:12.052Z');
INSERT INTO "notification" ("id", "type", "title", "message", "reference_id", "customer_id", "user_id", "is_read", "is_opened", "is_clicked", "channel", "status", "created_at", "opened_at", "clicked_at") VALUES (6, 'ORDER', NULL, '🛒 Order #10 placed successfully.', 10, NULL, NULL, false, true, false, 'EMAIL', 'SENT', '2026-04-05T10:55:58.404Z', '2026-04-05T10:56:31.991Z', NULL);
INSERT INTO "notification" ("id", "type", "title", "message", "reference_id", "customer_id", "user_id", "is_read", "is_opened", "is_clicked", "channel", "status", "created_at", "opened_at", "clicked_at") VALUES (36, 'PAYMENT', NULL, '💰 Payment of ₹2516.645 received for Order #9. Status is now PAID.', 9, NULL, NULL, false, true, false, 'EMAIL', 'SENT', '2026-04-05T11:23:22.812Z', '2026-04-07T01:54:30.572Z', NULL);
INSERT INTO "notification" ("id", "type", "title", "message", "reference_id", "customer_id", "user_id", "is_read", "is_opened", "is_clicked", "channel", "status", "created_at", "opened_at", "clicked_at") VALUES (37, 'INVOICE', NULL, '🧾 Invoice INV-2026-35527-254 generated for Order #9.', 9, NULL, NULL, false, true, false, 'EMAIL', 'SENT', '2026-04-05T11:23:22.835Z', '2026-04-07T01:54:30.561Z', NULL);
INSERT INTO "notification" ("id", "type", "title", "message", "reference_id", "customer_id", "user_id", "is_read", "is_opened", "is_clicked", "channel", "status", "created_at", "opened_at", "clicked_at") VALUES (35, 'PAYMENT_DUE', NULL, '🔔 Payment reminder for Order #9 (₹2516.645)', 9, NULL, NULL, false, true, false, 'EMAIL', 'SENT', '2026-04-05T11:23:09.464Z', '2026-04-07T01:54:30.579Z', NULL);
INSERT INTO "notification" ("id", "type", "title", "message", "reference_id", "customer_id", "user_id", "is_read", "is_opened", "is_clicked", "channel", "status", "created_at", "opened_at", "clicked_at") VALUES (34, 'INVOICE', NULL, '🧾 Invoice INV-2026-58385-791 generated for Order #10.', 10, NULL, NULL, false, true, false, 'EMAIL', 'SENT', '2026-04-05T11:19:34.296Z', '2026-04-07T01:54:30.584Z', NULL);
INSERT INTO "notification" ("id", "type", "title", "message", "reference_id", "customer_id", "user_id", "is_read", "is_opened", "is_clicked", "channel", "status", "created_at", "opened_at", "clicked_at") VALUES (32, 'PAYMENT_DUE', NULL, '🔔 Payment reminder for Order #9 (₹2516.645)', 9, NULL, NULL, false, true, false, 'EMAIL', 'SENT', '2026-04-05T11:18:30.814Z', '2026-04-07T01:54:30.587Z', NULL);
INSERT INTO "notification" ("id", "type", "title", "message", "reference_id", "customer_id", "user_id", "is_read", "is_opened", "is_clicked", "channel", "status", "created_at", "opened_at", "clicked_at") VALUES (33, 'PAYMENT', NULL, '💰 Payment of ₹234.82 received for Order #10. Status is now PAID.', 10, NULL, NULL, false, true, false, 'EMAIL', 'SENT', '2026-04-05T11:19:34.160Z', '2026-04-07T01:54:30.588Z', NULL);
INSERT INTO "notification" ("id", "type", "title", "message", "reference_id", "customer_id", "user_id", "is_read", "is_opened", "is_clicked", "channel", "status", "created_at", "opened_at", "clicked_at") VALUES (28, 'ORDER', NULL, '🛒 Order #10 placed successfully.', 10, NULL, NULL, false, true, false, 'EMAIL', 'SENT', '2026-04-05T11:17:31.127Z', '2026-04-07T01:54:30.610Z', NULL);
INSERT INTO "notification" ("id", "type", "title", "message", "reference_id", "customer_id", "user_id", "is_read", "is_opened", "is_clicked", "channel", "status", "created_at", "opened_at", "clicked_at") VALUES (27, 'ORDER', NULL, '🛒 Order #10 placed successfully.', 10, NULL, NULL, false, true, false, 'EMAIL', 'SENT', '2026-04-05T11:15:50.187Z', '2026-04-07T01:54:30.610Z', NULL);
INSERT INTO "notification" ("id", "type", "title", "message", "reference_id", "customer_id", "user_id", "is_read", "is_opened", "is_clicked", "channel", "status", "created_at", "opened_at", "clicked_at") VALUES (29, 'PAYMENT_DUE', NULL, '🔔 Payment reminder for Order #10 (₹234.82)', 10, NULL, NULL, false, true, false, 'EMAIL', 'SENT', '2026-04-05T11:18:22.646Z', '2026-04-07T01:54:30.611Z', NULL);
INSERT INTO "notification" ("id", "type", "title", "message", "reference_id", "customer_id", "user_id", "is_read", "is_opened", "is_clicked", "channel", "status", "created_at", "opened_at", "clicked_at") VALUES (21, 'PAYMENT_DUE', NULL, '🔔 Payment reminder for Order #8 (₹1000.64)', 8, NULL, NULL, false, true, false, 'EMAIL', 'SENT', '2026-04-05T11:05:46.293Z', '2026-04-07T01:54:30.622Z', NULL);
INSERT INTO "notification" ("id", "type", "title", "message", "reference_id", "customer_id", "user_id", "is_read", "is_opened", "is_clicked", "channel", "status", "created_at", "opened_at", "clicked_at") VALUES (26, 'PAYMENT_DUE', NULL, '🔔 Payment reminder for Order #10 (₹234.82)', 10, NULL, NULL, false, true, false, 'EMAIL', 'SENT', '2026-04-05T11:05:57.346Z', '2026-04-07T01:54:30.620Z', NULL);
INSERT INTO "notification" ("id", "type", "title", "message", "reference_id", "customer_id", "user_id", "is_read", "is_opened", "is_clicked", "channel", "status", "created_at", "opened_at", "clicked_at") VALUES (30, 'PAYMENT_DUE', NULL, '🔔 Payment reminder for Order #10 (₹234.82)', 10, NULL, NULL, false, true, false, 'EMAIL', 'SENT', '2026-04-05T11:18:24.709Z', '2026-04-07T01:54:30.621Z', NULL);
INSERT INTO "notification" ("id", "type", "title", "message", "reference_id", "customer_id", "user_id", "is_read", "is_opened", "is_clicked", "channel", "status", "created_at", "opened_at", "clicked_at") VALUES (20, 'PAYMENT_DUE', NULL, '🔔 Payment reminder for Order #8 (₹1000.64)', 8, NULL, NULL, false, true, false, 'EMAIL', 'SENT', '2026-04-05T11:05:46.076Z', '2026-04-07T01:54:30.623Z', NULL);
INSERT INTO "notification" ("id", "type", "title", "message", "reference_id", "customer_id", "user_id", "is_read", "is_opened", "is_clicked", "channel", "status", "created_at", "opened_at", "clicked_at") VALUES (19, 'PAYMENT_DUE', NULL, '🔔 Payment reminder for Order #9 (₹2516.645)', 9, NULL, NULL, false, true, false, 'EMAIL', 'SENT', '2026-04-05T11:05:44.291Z', '2026-04-07T01:54:30.623Z', NULL);
INSERT INTO "notification" ("id", "type", "title", "message", "reference_id", "customer_id", "user_id", "is_read", "is_opened", "is_clicked", "channel", "status", "created_at", "opened_at", "clicked_at") VALUES (18, 'PAYMENT_DUE', NULL, '🔔 Payment reminder for Order #9 (₹2516.645)', 9, NULL, NULL, false, true, false, 'EMAIL', 'SENT', '2026-04-05T11:05:44.062Z', '2026-04-07T01:54:30.625Z', NULL);
INSERT INTO "notification" ("id", "type", "title", "message", "reference_id", "customer_id", "user_id", "is_read", "is_opened", "is_clicked", "channel", "status", "created_at", "opened_at", "clicked_at") VALUES (22, 'PAYMENT_DUE', NULL, '🔔 Payment reminder for Order #8 (₹1000.64)', 8, NULL, NULL, false, true, false, 'EMAIL', 'SENT', '2026-04-05T11:05:46.492Z', '2026-04-07T01:54:30.627Z', NULL);
INSERT INTO "notification" ("id", "type", "title", "message", "reference_id", "customer_id", "user_id", "is_read", "is_opened", "is_clicked", "channel", "status", "created_at", "opened_at", "clicked_at") VALUES (16, 'PAYMENT_DUE', NULL, '🔔 Payment reminder for Order #10 (₹234.82)', 10, NULL, NULL, false, true, false, 'EMAIL', 'SENT', '2026-04-05T11:05:36.344Z', '2026-04-07T01:54:30.628Z', NULL);
INSERT INTO "notification" ("id", "type", "title", "message", "reference_id", "customer_id", "user_id", "is_read", "is_opened", "is_clicked", "channel", "status", "created_at", "opened_at", "clicked_at") VALUES (15, 'PAYMENT_DUE', NULL, '🔔 Payment reminder for Order #10 (₹234.82)', 10, NULL, NULL, false, true, false, 'EMAIL', 'SENT', '2026-04-05T11:04:25.032Z', '2026-04-07T01:54:30.629Z', NULL);
INSERT INTO "notification" ("id", "type", "title", "message", "reference_id", "customer_id", "user_id", "is_read", "is_opened", "is_clicked", "channel", "status", "created_at", "opened_at", "clicked_at") VALUES (14, 'PAYMENT_DUE', NULL, '🔔 Payment reminder for Order #10 (₹234.82)', 10, NULL, NULL, false, true, false, 'EMAIL', 'SENT', '2026-04-05T11:04:22.269Z', '2026-04-07T01:54:30.630Z', NULL);
INSERT INTO "notification" ("id", "type", "title", "message", "reference_id", "customer_id", "user_id", "is_read", "is_opened", "is_clicked", "channel", "status", "created_at", "opened_at", "clicked_at") VALUES (13, 'PAYMENT_DUE', NULL, '🔔 Payment reminder for Order #10 (₹234.82)', 10, NULL, NULL, false, true, false, 'EMAIL', 'SENT', '2026-04-05T11:04:20.960Z', '2026-04-07T01:54:30.631Z', NULL);
INSERT INTO "notification" ("id", "type", "title", "message", "reference_id", "customer_id", "user_id", "is_read", "is_opened", "is_clicked", "channel", "status", "created_at", "opened_at", "clicked_at") VALUES (12, 'PAYMENT_DUE', NULL, '🔔 Payment reminder for Order #10 (₹234.82)', 10, NULL, NULL, false, true, false, 'EMAIL', 'SENT', '2026-04-05T11:04:20.443Z', '2026-04-07T01:54:30.632Z', NULL);
INSERT INTO "notification" ("id", "type", "title", "message", "reference_id", "customer_id", "user_id", "is_read", "is_opened", "is_clicked", "channel", "status", "created_at", "opened_at", "clicked_at") VALUES (17, 'PAYMENT_DUE', NULL, '🔔 Payment reminder for Order #9 (₹2516.645)', 9, NULL, NULL, false, true, false, 'EMAIL', 'SENT', '2026-04-05T11:05:43.840Z', '2026-04-07T01:54:30.635Z', NULL);
INSERT INTO "notification" ("id", "type", "title", "message", "reference_id", "customer_id", "user_id", "is_read", "is_opened", "is_clicked", "channel", "status", "created_at", "opened_at", "clicked_at") VALUES (11, 'PAYMENT_DUE', NULL, '🔔 Payment reminder for Order #10 (₹234.82)', 10, NULL, NULL, false, true, false, 'EMAIL', 'SENT', '2026-04-05T11:04:18.127Z', '2026-04-07T01:54:30.636Z', NULL);
INSERT INTO "notification" ("id", "type", "title", "message", "reference_id", "customer_id", "user_id", "is_read", "is_opened", "is_clicked", "channel", "status", "created_at", "opened_at", "clicked_at") VALUES (10, 'PAYMENT_DUE', NULL, '🔔 Payment reminder for Order #10 (₹234.82)', 10, NULL, NULL, false, true, false, 'EMAIL', 'SENT', '2026-04-05T11:04:17.941Z', '2026-04-07T01:54:30.637Z', NULL);
INSERT INTO "notification" ("id", "type", "title", "message", "reference_id", "customer_id", "user_id", "is_read", "is_opened", "is_clicked", "channel", "status", "created_at", "opened_at", "clicked_at") VALUES (9, 'PAYMENT_DUE', NULL, '🔔 Payment reminder for Order #10 (₹234.82)', 10, NULL, NULL, false, true, false, 'EMAIL', 'SENT', '2026-04-05T11:04:17.709Z', '2026-04-07T01:54:30.637Z', NULL);
INSERT INTO "notification" ("id", "type", "title", "message", "reference_id", "customer_id", "user_id", "is_read", "is_opened", "is_clicked", "channel", "status", "created_at", "opened_at", "clicked_at") VALUES (8, 'PAYMENT_DUE', NULL, '🔔 Payment reminder for Order #10 (₹234.82)', 10, NULL, NULL, false, true, false, 'EMAIL', 'SENT', '2026-04-05T11:04:04.215Z', '2026-04-07T01:54:30.638Z', NULL);
INSERT INTO "notification" ("id", "type", "title", "message", "reference_id", "customer_id", "user_id", "is_read", "is_opened", "is_clicked", "channel", "status", "created_at", "opened_at", "clicked_at") VALUES (7, 'PAYMENT_DUE', NULL, '🔔 Payment reminder for Order #10 (₹234.82)', 10, NULL, NULL, false, true, false, 'EMAIL', 'SENT', '2026-04-05T11:01:03.003Z', '2026-04-07T01:54:30.638Z', NULL);
INSERT INTO "notification" ("id", "type", "title", "message", "reference_id", "customer_id", "user_id", "is_read", "is_opened", "is_clicked", "channel", "status", "created_at", "opened_at", "clicked_at") VALUES (39, 'ORDER', NULL, '🛒 Order #11 placed successfully.', 11, NULL, NULL, false, true, false, 'EMAIL', 'SENT', '2026-04-07T02:02:49.493Z', '2026-04-07T02:05:56.544Z', NULL);
INSERT INTO "notification" ("id", "type", "title", "message", "reference_id", "customer_id", "user_id", "is_read", "is_opened", "is_clicked", "channel", "status", "created_at", "opened_at", "clicked_at") VALUES (38, 'PAYMENT_DUE', NULL, '🔔 Payment reminder for Order #2 (₹234.82)', 2, NULL, NULL, false, true, false, 'EMAIL', 'SENT', '2026-04-07T01:55:36.770Z', '2026-04-07T02:05:56.546Z', NULL);
INSERT INTO "notification" ("id", "type", "title", "message", "reference_id", "customer_id", "user_id", "is_read", "is_opened", "is_clicked", "channel", "status", "created_at", "opened_at", "clicked_at") VALUES (43, 'INVOICE', NULL, '🧾 Invoice INV-2026-06245-203 generated for Order #12.', 12, NULL, NULL, false, true, false, 'EMAIL', 'SENT', '2026-04-07T03:45:26.864Z', '2026-04-07T03:46:39.973Z', NULL);
INSERT INTO "notification" ("id", "type", "title", "message", "reference_id", "customer_id", "user_id", "is_read", "is_opened", "is_clicked", "channel", "status", "created_at", "opened_at", "clicked_at") VALUES (42, 'PAYMENT', NULL, '💰 Payment of ₹1.18 received for Order #12. Status is now PAID.', 12, NULL, NULL, false, true, false, 'EMAIL', 'SENT', '2026-04-07T03:45:26.822Z', '2026-04-07T03:46:39.976Z', NULL);
INSERT INTO "notification" ("id", "type", "title", "message", "reference_id", "customer_id", "user_id", "is_read", "is_opened", "is_clicked", "channel", "status", "created_at", "opened_at", "clicked_at") VALUES (41, 'PAYMENT_DUE', NULL, '🔔 Payment reminder for Order #12 (₹1.18)', 12, NULL, NULL, false, true, false, 'EMAIL', 'SENT', '2026-04-07T03:44:33.583Z', '2026-04-07T03:46:39.978Z', NULL);
INSERT INTO "notification" ("id", "type", "title", "message", "reference_id", "customer_id", "user_id", "is_read", "is_opened", "is_clicked", "channel", "status", "created_at", "opened_at", "clicked_at") VALUES (40, 'ORDER', NULL, '🛒 Order #12 placed successfully.', 12, NULL, NULL, false, true, false, 'EMAIL', 'SENT', '2026-04-07T03:43:26.263Z', '2026-04-07T03:46:39.982Z', NULL);
TRUNCATE TABLE "cart" CASCADE;
INSERT INTO "cart" ("id", "customer_id", "status", "created_at") VALUES (29, 5, 'ACTIVE', '2026-04-05T09:19:41.061Z');
INSERT INTO "cart" ("id", "customer_id", "status", "created_at") VALUES (30, 1, 'ACTIVE', '2026-04-07T02:45:52.226Z');
TRUNCATE TABLE "cart_item" CASCADE;
INSERT INTO "cart_item" ("id", "cart_id", "product_id", "quantity") VALUES (8, 30, 2, 1);
TRUNCATE TABLE "analytics" CASCADE;
INSERT INTO "analytics" ("id", "type", "page", "user_id", "created_at") VALUES (1, 'VISIT', '/products', NULL, '2026-03-25T12:11:28.252Z');
INSERT INTO "analytics" ("id", "type", "page", "user_id", "created_at") VALUES (2, 'VISIT', '/products', NULL, '2026-03-27T06:14:07.793Z');
INSERT INTO "analytics" ("id", "type", "page", "user_id", "created_at") VALUES (3, 'VISIT', '/cart', NULL, '2026-03-06T10:54:58.808Z');
INSERT INTO "analytics" ("id", "type", "page", "user_id", "created_at") VALUES (4, 'VISIT', '/products', NULL, '2026-03-23T23:29:12.230Z');
INSERT INTO "analytics" ("id", "type", "page", "user_id", "created_at") VALUES (5, 'VISIT', '/checkout', NULL, '2026-03-27T11:19:38.947Z');
INSERT INTO "analytics" ("id", "type", "page", "user_id", "created_at") VALUES (6, 'VISIT', '/cart', NULL, '2026-03-15T01:29:37.834Z');
INSERT INTO "analytics" ("id", "type", "page", "user_id", "created_at") VALUES (7, 'VISIT', '/products', NULL, '2026-03-29T07:44:56.170Z');
INSERT INTO "analytics" ("id", "type", "page", "user_id", "created_at") VALUES (8, 'VISIT', '/products', NULL, '2026-03-09T12:47:19.841Z');
INSERT INTO "analytics" ("id", "type", "page", "user_id", "created_at") VALUES (9, 'VISIT', '/cart', NULL, '2026-03-27T02:32:46.603Z');
INSERT INTO "analytics" ("id", "type", "page", "user_id", "created_at") VALUES (10, 'VISIT', '/', NULL, '2026-03-10T04:48:25.254Z');
INSERT INTO "analytics" ("id", "type", "page", "user_id", "created_at") VALUES (11, 'VISIT', '/checkout', NULL, '2026-03-19T19:07:30.488Z');
INSERT INTO "analytics" ("id", "type", "page", "user_id", "created_at") VALUES (12, 'VISIT', '/cart', NULL, '2026-03-26T14:56:01.313Z');
INSERT INTO "analytics" ("id", "type", "page", "user_id", "created_at") VALUES (13, 'VISIT', '/products', NULL, '2026-03-05T19:23:11.644Z');
INSERT INTO "analytics" ("id", "type", "page", "user_id", "created_at") VALUES (14, 'VISIT', '/cart', NULL, '2026-03-08T05:28:12.976Z');
INSERT INTO "analytics" ("id", "type", "page", "user_id", "created_at") VALUES (15, 'VISIT', '/cart', NULL, '2026-04-01T22:51:56.613Z');
INSERT INTO "analytics" ("id", "type", "page", "user_id", "created_at") VALUES (16, 'VISIT', '/cart', NULL, '2026-03-14T01:27:07.783Z');
INSERT INTO "analytics" ("id", "type", "page", "user_id", "created_at") VALUES (17, 'VISIT', '/', NULL, '2026-03-21T16:21:44.708Z');
INSERT INTO "analytics" ("id", "type", "page", "user_id", "created_at") VALUES (18, 'VISIT', '/checkout', NULL, '2026-03-10T18:57:59.272Z');
INSERT INTO "analytics" ("id", "type", "page", "user_id", "created_at") VALUES (19, 'VISIT', '/', NULL, '2026-03-29T03:19:25.667Z');
INSERT INTO "analytics" ("id", "type", "page", "user_id", "created_at") VALUES (20, 'VISIT', '/products', NULL, '2026-03-04T21:13:47.188Z');
INSERT INTO "analytics" ("id", "type", "page", "user_id", "created_at") VALUES (21, 'VISIT', '/checkout', NULL, '2026-03-08T21:14:43.966Z');
INSERT INTO "analytics" ("id", "type", "page", "user_id", "created_at") VALUES (22, 'VISIT', '/checkout', NULL, '2026-03-13T18:59:40.002Z');
INSERT INTO "analytics" ("id", "type", "page", "user_id", "created_at") VALUES (23, 'VISIT', '/checkout', NULL, '2026-03-16T16:39:56.513Z');
INSERT INTO "analytics" ("id", "type", "page", "user_id", "created_at") VALUES (24, 'VISIT', '/cart', NULL, '2026-03-18T14:15:46.277Z');
INSERT INTO "analytics" ("id", "type", "page", "user_id", "created_at") VALUES (25, 'VISIT', '/products', NULL, '2026-04-01T21:26:50.466Z');
INSERT INTO "analytics" ("id", "type", "page", "user_id", "created_at") VALUES (26, 'VISIT', '/cart', NULL, '2026-03-17T03:01:35.537Z');
INSERT INTO "analytics" ("id", "type", "page", "user_id", "created_at") VALUES (27, 'VISIT', '/checkout', NULL, '2026-03-23T20:53:53.394Z');
INSERT INTO "analytics" ("id", "type", "page", "user_id", "created_at") VALUES (28, 'VISIT', '/cart', NULL, '2026-03-21T12:16:14.274Z');
INSERT INTO "analytics" ("id", "type", "page", "user_id", "created_at") VALUES (29, 'VISIT', '/products', NULL, '2026-03-09T23:02:53.262Z');
INSERT INTO "analytics" ("id", "type", "page", "user_id", "created_at") VALUES (30, 'VISIT', '/checkout', NULL, '2026-03-10T08:26:18.357Z');
INSERT INTO "analytics" ("id", "type", "page", "user_id", "created_at") VALUES (31, 'VISIT', '/cart', NULL, '2026-03-05T07:24:08.854Z');
INSERT INTO "analytics" ("id", "type", "page", "user_id", "created_at") VALUES (32, 'VISIT', '/cart', NULL, '2026-03-17T02:50:37.748Z');
INSERT INTO "analytics" ("id", "type", "page", "user_id", "created_at") VALUES (33, 'VISIT', '/products', NULL, '2026-03-11T16:24:54.098Z');
INSERT INTO "analytics" ("id", "type", "page", "user_id", "created_at") VALUES (34, 'VISIT', '/products', NULL, '2026-03-11T12:25:30.277Z');
INSERT INTO "analytics" ("id", "type", "page", "user_id", "created_at") VALUES (35, 'VISIT', '/cart', NULL, '2026-03-23T19:19:20.157Z');
INSERT INTO "analytics" ("id", "type", "page", "user_id", "created_at") VALUES (36, 'VISIT', '/checkout', NULL, '2026-04-02T17:41:25.371Z');
INSERT INTO "analytics" ("id", "type", "page", "user_id", "created_at") VALUES (37, 'VISIT', '/checkout', NULL, '2026-03-28T18:19:36.488Z');
INSERT INTO "analytics" ("id", "type", "page", "user_id", "created_at") VALUES (38, 'VISIT', '/', NULL, '2026-03-15T09:44:10.355Z');
INSERT INTO "analytics" ("id", "type", "page", "user_id", "created_at") VALUES (39, 'VISIT', '/', NULL, '2026-03-22T03:31:41.666Z');
INSERT INTO "analytics" ("id", "type", "page", "user_id", "created_at") VALUES (40, 'VISIT', '/checkout', NULL, '2026-03-07T05:39:04.826Z');
INSERT INTO "analytics" ("id", "type", "page", "user_id", "created_at") VALUES (41, 'VISIT', '/', NULL, '2026-03-07T19:02:12.864Z');
INSERT INTO "analytics" ("id", "type", "page", "user_id", "created_at") VALUES (42, 'VISIT', '/checkout', NULL, '2026-04-01T09:32:36.355Z');
INSERT INTO "analytics" ("id", "type", "page", "user_id", "created_at") VALUES (43, 'VISIT', '/', NULL, '2026-03-21T16:39:11.679Z');
INSERT INTO "analytics" ("id", "type", "page", "user_id", "created_at") VALUES (44, 'VISIT', '/products', NULL, '2026-03-09T14:47:57.710Z');
INSERT INTO "analytics" ("id", "type", "page", "user_id", "created_at") VALUES (45, 'VISIT', '/', NULL, '2026-03-12T19:28:56.230Z');
INSERT INTO "analytics" ("id", "type", "page", "user_id", "created_at") VALUES (46, 'VISIT', '/cart', NULL, '2026-03-28T13:36:22.591Z');
INSERT INTO "analytics" ("id", "type", "page", "user_id", "created_at") VALUES (47, 'VISIT', '/checkout', NULL, '2026-03-24T20:15:13.142Z');
INSERT INTO "analytics" ("id", "type", "page", "user_id", "created_at") VALUES (48, 'VISIT', '/products', NULL, '2026-04-03T14:32:57.926Z');
INSERT INTO "analytics" ("id", "type", "page", "user_id", "created_at") VALUES (49, 'VISIT', '/products', NULL, '2026-04-03T04:26:46.130Z');
INSERT INTO "analytics" ("id", "type", "page", "user_id", "created_at") VALUES (50, 'VISIT', '/cart', NULL, '2026-03-31T06:14:05.176Z');
INSERT INTO "analytics" ("id", "type", "page", "user_id", "created_at") VALUES (51, 'VISIT', '/cart', NULL, '2026-03-27T17:52:56.476Z');
INSERT INTO "analytics" ("id", "type", "page", "user_id", "created_at") VALUES (52, 'VISIT', '/products', NULL, '2026-03-17T08:59:06.964Z');
INSERT INTO "analytics" ("id", "type", "page", "user_id", "created_at") VALUES (53, 'VISIT', '/checkout', NULL, '2026-03-08T06:10:31.266Z');
INSERT INTO "analytics" ("id", "type", "page", "user_id", "created_at") VALUES (54, 'VISIT', '/cart', NULL, '2026-03-14T04:26:14.497Z');
INSERT INTO "analytics" ("id", "type", "page", "user_id", "created_at") VALUES (55, 'VISIT', '/', NULL, '2026-03-18T19:54:43.722Z');
INSERT INTO "analytics" ("id", "type", "page", "user_id", "created_at") VALUES (56, 'VISIT', '/', NULL, '2026-04-02T04:05:38.251Z');
INSERT INTO "analytics" ("id", "type", "page", "user_id", "created_at") VALUES (57, 'VISIT', '/cart', NULL, '2026-04-02T18:08:43.416Z');
INSERT INTO "analytics" ("id", "type", "page", "user_id", "created_at") VALUES (58, 'VISIT', '/cart', NULL, '2026-03-21T11:07:53.845Z');
INSERT INTO "analytics" ("id", "type", "page", "user_id", "created_at") VALUES (59, 'VISIT', '/cart', NULL, '2026-03-09T13:39:53.979Z');
INSERT INTO "analytics" ("id", "type", "page", "user_id", "created_at") VALUES (60, 'VISIT', '/', NULL, '2026-03-15T01:42:31.274Z');
INSERT INTO "analytics" ("id", "type", "page", "user_id", "created_at") VALUES (61, 'VISIT', '/', NULL, '2026-03-31T21:58:55.524Z');
INSERT INTO "analytics" ("id", "type", "page", "user_id", "created_at") VALUES (62, 'VISIT', '/checkout', NULL, '2026-03-08T00:01:57.577Z');
INSERT INTO "analytics" ("id", "type", "page", "user_id", "created_at") VALUES (63, 'VISIT', '/cart', NULL, '2026-03-20T10:39:12.128Z');
INSERT INTO "analytics" ("id", "type", "page", "user_id", "created_at") VALUES (64, 'VISIT', '/cart', NULL, '2026-03-10T00:11:54.460Z');
INSERT INTO "analytics" ("id", "type", "page", "user_id", "created_at") VALUES (65, 'VISIT', '/checkout', NULL, '2026-04-03T16:09:19.301Z');
INSERT INTO "analytics" ("id", "type", "page", "user_id", "created_at") VALUES (66, 'VISIT', '/cart', NULL, '2026-03-11T02:45:01.275Z');
INSERT INTO "analytics" ("id", "type", "page", "user_id", "created_at") VALUES (67, 'VISIT', '/checkout', NULL, '2026-03-18T00:48:32.592Z');
INSERT INTO "analytics" ("id", "type", "page", "user_id", "created_at") VALUES (68, 'VISIT', '/', NULL, '2026-03-14T14:31:09.432Z');
INSERT INTO "analytics" ("id", "type", "page", "user_id", "created_at") VALUES (69, 'VISIT', '/products', NULL, '2026-03-13T17:20:25.679Z');
INSERT INTO "analytics" ("id", "type", "page", "user_id", "created_at") VALUES (70, 'VISIT', '/cart', NULL, '2026-03-23T10:23:03.071Z');
INSERT INTO "analytics" ("id", "type", "page", "user_id", "created_at") VALUES (71, 'VISIT', '/products', NULL, '2026-03-19T02:52:39.924Z');
INSERT INTO "analytics" ("id", "type", "page", "user_id", "created_at") VALUES (72, 'VISIT', '/checkout', NULL, '2026-03-29T22:32:15.681Z');
INSERT INTO "analytics" ("id", "type", "page", "user_id", "created_at") VALUES (73, 'VISIT', '/', NULL, '2026-03-22T00:50:06.873Z');
INSERT INTO "analytics" ("id", "type", "page", "user_id", "created_at") VALUES (74, 'VISIT', '/checkout', NULL, '2026-03-20T03:30:44.430Z');
INSERT INTO "analytics" ("id", "type", "page", "user_id", "created_at") VALUES (75, 'VISIT', '/', NULL, '2026-04-01T09:51:52.793Z');
INSERT INTO "analytics" ("id", "type", "page", "user_id", "created_at") VALUES (76, 'VISIT', '/cart', NULL, '2026-03-21T06:05:55.711Z');
INSERT INTO "analytics" ("id", "type", "page", "user_id", "created_at") VALUES (77, 'VISIT', '/cart', NULL, '2026-03-09T06:37:25.015Z');
INSERT INTO "analytics" ("id", "type", "page", "user_id", "created_at") VALUES (78, 'VISIT', '/cart', NULL, '2026-03-21T08:24:21.221Z');
INSERT INTO "analytics" ("id", "type", "page", "user_id", "created_at") VALUES (79, 'VISIT', '/checkout', NULL, '2026-03-17T04:09:16.254Z');
INSERT INTO "analytics" ("id", "type", "page", "user_id", "created_at") VALUES (80, 'VISIT', '/', NULL, '2026-03-19T11:25:49.943Z');
INSERT INTO "analytics" ("id", "type", "page", "user_id", "created_at") VALUES (81, 'VISIT', '/cart', NULL, '2026-04-03T16:56:28.371Z');
INSERT INTO "analytics" ("id", "type", "page", "user_id", "created_at") VALUES (82, 'VISIT', '/', NULL, '2026-03-05T11:58:00.149Z');
INSERT INTO "analytics" ("id", "type", "page", "user_id", "created_at") VALUES (83, 'VISIT', '/products', NULL, '2026-03-15T18:36:12.624Z');
INSERT INTO "analytics" ("id", "type", "page", "user_id", "created_at") VALUES (84, 'VISIT', '/cart', NULL, '2026-03-10T00:44:06.858Z');
INSERT INTO "analytics" ("id", "type", "page", "user_id", "created_at") VALUES (85, 'VISIT', '/', NULL, '2026-03-15T12:36:02.162Z');
INSERT INTO "analytics" ("id", "type", "page", "user_id", "created_at") VALUES (86, 'VISIT', '/products', NULL, '2026-03-21T13:49:52.693Z');
INSERT INTO "analytics" ("id", "type", "page", "user_id", "created_at") VALUES (87, 'VISIT', '/checkout', NULL, '2026-03-09T10:43:43.632Z');
INSERT INTO "analytics" ("id", "type", "page", "user_id", "created_at") VALUES (88, 'VISIT', '/cart', NULL, '2026-03-24T15:45:47.627Z');
INSERT INTO "analytics" ("id", "type", "page", "user_id", "created_at") VALUES (89, 'VISIT', '/', NULL, '2026-03-06T16:20:19.034Z');
INSERT INTO "analytics" ("id", "type", "page", "user_id", "created_at") VALUES (90, 'VISIT', '/checkout', NULL, '2026-03-17T14:17:59.387Z');
INSERT INTO "analytics" ("id", "type", "page", "user_id", "created_at") VALUES (91, 'VISIT', '/products', NULL, '2026-04-03T03:04:44.911Z');
INSERT INTO "analytics" ("id", "type", "page", "user_id", "created_at") VALUES (92, 'VISIT', '/checkout', NULL, '2026-04-03T12:11:16.174Z');
INSERT INTO "analytics" ("id", "type", "page", "user_id", "created_at") VALUES (93, 'VISIT', '/cart', NULL, '2026-03-27T14:01:28.438Z');
INSERT INTO "analytics" ("id", "type", "page", "user_id", "created_at") VALUES (94, 'VISIT', '/', NULL, '2026-03-26T16:03:00.836Z');
INSERT INTO "analytics" ("id", "type", "page", "user_id", "created_at") VALUES (95, 'VISIT', '/cart', NULL, '2026-03-17T00:44:28.385Z');
INSERT INTO "analytics" ("id", "type", "page", "user_id", "created_at") VALUES (96, 'VISIT', '/cart', NULL, '2026-03-09T14:45:07.986Z');
INSERT INTO "analytics" ("id", "type", "page", "user_id", "created_at") VALUES (97, 'VISIT', '/checkout', NULL, '2026-03-30T02:45:35.297Z');
INSERT INTO "analytics" ("id", "type", "page", "user_id", "created_at") VALUES (98, 'VISIT', '/cart', NULL, '2026-03-22T10:07:50.938Z');
INSERT INTO "analytics" ("id", "type", "page", "user_id", "created_at") VALUES (99, 'VISIT', '/checkout', NULL, '2026-04-01T12:36:49.208Z');
INSERT INTO "analytics" ("id", "type", "page", "user_id", "created_at") VALUES (100, 'VISIT', '/products', NULL, '2026-03-19T19:26:40.080Z');
INSERT INTO "analytics" ("id", "type", "page", "user_id", "created_at") VALUES (101, 'VISIT', '/checkout', NULL, '2026-03-14T09:41:06.110Z');
INSERT INTO "analytics" ("id", "type", "page", "user_id", "created_at") VALUES (102, 'VISIT', '/cart', NULL, '2026-03-14T04:02:42.753Z');
INSERT INTO "analytics" ("id", "type", "page", "user_id", "created_at") VALUES (103, 'VISIT', '/cart', NULL, '2026-03-20T09:39:24.585Z');
INSERT INTO "analytics" ("id", "type", "page", "user_id", "created_at") VALUES (104, 'VISIT', '/checkout', NULL, '2026-03-23T13:26:39.292Z');
INSERT INTO "analytics" ("id", "type", "page", "user_id", "created_at") VALUES (105, 'VISIT', '/', NULL, '2026-03-20T01:22:37.451Z');
INSERT INTO "analytics" ("id", "type", "page", "user_id", "created_at") VALUES (106, 'VISIT', '/products', NULL, '2026-03-26T16:27:08.004Z');
INSERT INTO "analytics" ("id", "type", "page", "user_id", "created_at") VALUES (107, 'VISIT', '/products', NULL, '2026-03-27T19:31:47.969Z');
INSERT INTO "analytics" ("id", "type", "page", "user_id", "created_at") VALUES (108, 'VISIT', '/', NULL, '2026-03-23T10:11:14.600Z');
INSERT INTO "analytics" ("id", "type", "page", "user_id", "created_at") VALUES (109, 'VISIT', '/cart', NULL, '2026-03-30T03:38:29.377Z');
INSERT INTO "analytics" ("id", "type", "page", "user_id", "created_at") VALUES (110, 'VISIT', '/cart', NULL, '2026-04-01T15:18:55.557Z');
INSERT INTO "analytics" ("id", "type", "page", "user_id", "created_at") VALUES (111, 'VISIT', '/products', NULL, '2026-03-07T04:59:50.561Z');
INSERT INTO "analytics" ("id", "type", "page", "user_id", "created_at") VALUES (112, 'VISIT', '/checkout', NULL, '2026-03-22T23:04:23.872Z');
INSERT INTO "analytics" ("id", "type", "page", "user_id", "created_at") VALUES (113, 'VISIT', '/cart', NULL, '2026-03-31T23:38:22.963Z');
INSERT INTO "analytics" ("id", "type", "page", "user_id", "created_at") VALUES (114, 'VISIT', '/', NULL, '2026-03-25T04:13:43.100Z');
INSERT INTO "analytics" ("id", "type", "page", "user_id", "created_at") VALUES (115, 'VISIT', '/', NULL, '2026-03-05T21:26:38.041Z');
INSERT INTO "analytics" ("id", "type", "page", "user_id", "created_at") VALUES (116, 'VISIT', '/checkout', NULL, '2026-03-28T15:09:02.792Z');
INSERT INTO "analytics" ("id", "type", "page", "user_id", "created_at") VALUES (117, 'VISIT', '/checkout', NULL, '2026-03-07T17:35:21.308Z');
INSERT INTO "analytics" ("id", "type", "page", "user_id", "created_at") VALUES (118, 'VISIT', '/products', NULL, '2026-03-23T14:33:01.291Z');
INSERT INTO "analytics" ("id", "type", "page", "user_id", "created_at") VALUES (119, 'VISIT', '/checkout', NULL, '2026-03-31T03:01:47.198Z');
INSERT INTO "analytics" ("id", "type", "page", "user_id", "created_at") VALUES (120, 'VISIT', '/cart', NULL, '2026-03-15T17:05:11.969Z');
INSERT INTO "analytics" ("id", "type", "page", "user_id", "created_at") VALUES (121, 'VISIT', '/', NULL, '2026-03-08T11:16:31.672Z');
INSERT INTO "analytics" ("id", "type", "page", "user_id", "created_at") VALUES (122, 'VISIT', '/checkout', NULL, '2026-03-23T18:48:24.598Z');
INSERT INTO "analytics" ("id", "type", "page", "user_id", "created_at") VALUES (123, 'VISIT', '/checkout', NULL, '2026-03-20T08:19:49.005Z');
INSERT INTO "analytics" ("id", "type", "page", "user_id", "created_at") VALUES (124, 'VISIT', '/checkout', NULL, '2026-03-13T12:19:09.170Z');
INSERT INTO "analytics" ("id", "type", "page", "user_id", "created_at") VALUES (125, 'VISIT', '/products', NULL, '2026-03-29T18:11:50.132Z');
INSERT INTO "analytics" ("id", "type", "page", "user_id", "created_at") VALUES (126, 'VISIT', '/', NULL, '2026-03-06T17:02:52.767Z');
INSERT INTO "analytics" ("id", "type", "page", "user_id", "created_at") VALUES (127, 'VISIT', '/', NULL, '2026-03-13T11:45:07.218Z');
INSERT INTO "analytics" ("id", "type", "page", "user_id", "created_at") VALUES (128, 'VISIT', '/products', NULL, '2026-03-22T11:36:45.248Z');
INSERT INTO "analytics" ("id", "type", "page", "user_id", "created_at") VALUES (129, 'VISIT', '/cart', NULL, '2026-03-19T20:48:11.598Z');
INSERT INTO "analytics" ("id", "type", "page", "user_id", "created_at") VALUES (130, 'VISIT', '/products', NULL, '2026-03-19T07:24:44.015Z');
INSERT INTO "analytics" ("id", "type", "page", "user_id", "created_at") VALUES (131, 'VISIT', '/checkout', NULL, '2026-03-31T13:55:14.121Z');
INSERT INTO "analytics" ("id", "type", "page", "user_id", "created_at") VALUES (132, 'VISIT', '/products', NULL, '2026-03-19T19:22:55.178Z');
INSERT INTO "analytics" ("id", "type", "page", "user_id", "created_at") VALUES (133, 'VISIT', '/', NULL, '2026-03-16T06:25:03.975Z');
INSERT INTO "analytics" ("id", "type", "page", "user_id", "created_at") VALUES (134, 'VISIT', '/', NULL, '2026-03-27T13:13:36.663Z');
INSERT INTO "analytics" ("id", "type", "page", "user_id", "created_at") VALUES (135, 'VISIT', '/products', NULL, '2026-03-13T02:38:02.962Z');
INSERT INTO "analytics" ("id", "type", "page", "user_id", "created_at") VALUES (136, 'VISIT', '/products', NULL, '2026-03-11T02:07:23.266Z');
INSERT INTO "analytics" ("id", "type", "page", "user_id", "created_at") VALUES (137, 'VISIT', '/checkout', NULL, '2026-03-31T11:13:39.226Z');
INSERT INTO "analytics" ("id", "type", "page", "user_id", "created_at") VALUES (138, 'VISIT', '/cart', NULL, '2026-03-08T02:01:53.535Z');
INSERT INTO "analytics" ("id", "type", "page", "user_id", "created_at") VALUES (139, 'VISIT', '/checkout', NULL, '2026-04-03T09:49:39.736Z');
INSERT INTO "analytics" ("id", "type", "page", "user_id", "created_at") VALUES (140, 'VISIT', '/products', NULL, '2026-03-20T00:07:21.931Z');
INSERT INTO "analytics" ("id", "type", "page", "user_id", "created_at") VALUES (141, 'VISIT', '/products', NULL, '2026-03-13T02:13:52.318Z');
INSERT INTO "analytics" ("id", "type", "page", "user_id", "created_at") VALUES (142, 'VISIT', '/', NULL, '2026-03-17T20:01:34.743Z');
INSERT INTO "analytics" ("id", "type", "page", "user_id", "created_at") VALUES (143, 'VISIT', '/checkout', NULL, '2026-03-25T04:53:12.743Z');
INSERT INTO "analytics" ("id", "type", "page", "user_id", "created_at") VALUES (144, 'VISIT', '/cart', NULL, '2026-03-25T06:47:47.308Z');
INSERT INTO "analytics" ("id", "type", "page", "user_id", "created_at") VALUES (145, 'VISIT', '/cart', NULL, '2026-03-11T12:30:12.434Z');
INSERT INTO "analytics" ("id", "type", "page", "user_id", "created_at") VALUES (146, 'VISIT', '/', NULL, '2026-03-18T18:17:03.353Z');
INSERT INTO "analytics" ("id", "type", "page", "user_id", "created_at") VALUES (147, 'VISIT', '/products', NULL, '2026-03-25T11:12:23.535Z');
INSERT INTO "analytics" ("id", "type", "page", "user_id", "created_at") VALUES (148, 'VISIT', '/', NULL, '2026-03-07T01:17:08.038Z');
INSERT INTO "analytics" ("id", "type", "page", "user_id", "created_at") VALUES (149, 'VISIT', '/', NULL, '2026-04-01T18:37:13.263Z');
INSERT INTO "analytics" ("id", "type", "page", "user_id", "created_at") VALUES (150, 'VISIT', '/', NULL, '2026-03-27T17:29:13.490Z');
INSERT INTO "analytics" ("id", "type", "page", "user_id", "created_at") VALUES (151, 'VISIT', '/products', NULL, '2026-03-18T20:29:56.455Z');
INSERT INTO "analytics" ("id", "type", "page", "user_id", "created_at") VALUES (152, 'VISIT', '/cart', NULL, '2026-03-06T21:32:20.050Z');
INSERT INTO "analytics" ("id", "type", "page", "user_id", "created_at") VALUES (153, 'VISIT', '/cart', NULL, '2026-03-15T13:06:38.008Z');
INSERT INTO "analytics" ("id", "type", "page", "user_id", "created_at") VALUES (154, 'VISIT', '/', NULL, '2026-03-06T12:41:20.950Z');
INSERT INTO "analytics" ("id", "type", "page", "user_id", "created_at") VALUES (155, 'VISIT', '/cart', NULL, '2026-03-30T16:23:16.738Z');
INSERT INTO "analytics" ("id", "type", "page", "user_id", "created_at") VALUES (156, 'VISIT', '/checkout', NULL, '2026-03-22T06:50:14.375Z');
INSERT INTO "analytics" ("id", "type", "page", "user_id", "created_at") VALUES (157, 'VISIT', '/cart', NULL, '2026-03-25T20:06:48.373Z');
INSERT INTO "analytics" ("id", "type", "page", "user_id", "created_at") VALUES (158, 'VISIT', '/checkout', NULL, '2026-03-05T19:45:24.905Z');
INSERT INTO "analytics" ("id", "type", "page", "user_id", "created_at") VALUES (159, 'VISIT', '/products', NULL, '2026-03-17T10:00:15.573Z');
INSERT INTO "analytics" ("id", "type", "page", "user_id", "created_at") VALUES (160, 'VISIT', '/', NULL, '2026-03-21T07:04:35.130Z');
INSERT INTO "analytics" ("id", "type", "page", "user_id", "created_at") VALUES (161, 'VISIT', '/cart', NULL, '2026-03-25T10:17:16.360Z');
INSERT INTO "analytics" ("id", "type", "page", "user_id", "created_at") VALUES (162, 'VISIT', '/checkout', NULL, '2026-03-29T10:44:45.591Z');
INSERT INTO "analytics" ("id", "type", "page", "user_id", "created_at") VALUES (163, 'VISIT', '/products', NULL, '2026-04-01T22:47:33.043Z');
INSERT INTO "analytics" ("id", "type", "page", "user_id", "created_at") VALUES (164, 'VISIT', '/', NULL, '2026-03-08T10:43:45.377Z');
INSERT INTO "analytics" ("id", "type", "page", "user_id", "created_at") VALUES (165, 'VISIT', '/', NULL, '2026-03-11T07:32:18.687Z');
INSERT INTO "analytics" ("id", "type", "page", "user_id", "created_at") VALUES (166, 'VISIT', '/products', NULL, '2026-03-25T13:07:29.051Z');
INSERT INTO "analytics" ("id", "type", "page", "user_id", "created_at") VALUES (167, 'VISIT', '/products', NULL, '2026-04-01T15:30:28.137Z');
INSERT INTO "analytics" ("id", "type", "page", "user_id", "created_at") VALUES (168, 'VISIT', '/products', NULL, '2026-03-17T05:39:03.366Z');
INSERT INTO "analytics" ("id", "type", "page", "user_id", "created_at") VALUES (169, 'VISIT', '/products', NULL, '2026-03-23T16:06:03.129Z');
INSERT INTO "analytics" ("id", "type", "page", "user_id", "created_at") VALUES (170, 'VISIT', '/cart', NULL, '2026-03-25T18:52:34.415Z');
INSERT INTO "analytics" ("id", "type", "page", "user_id", "created_at") VALUES (171, 'VISIT', '/cart', NULL, '2026-03-19T09:35:28.815Z');
INSERT INTO "analytics" ("id", "type", "page", "user_id", "created_at") VALUES (172, 'VISIT', '/cart', NULL, '2026-03-17T02:19:34.240Z');
INSERT INTO "analytics" ("id", "type", "page", "user_id", "created_at") VALUES (173, 'VISIT', '/cart', NULL, '2026-03-29T09:20:12.097Z');
INSERT INTO "analytics" ("id", "type", "page", "user_id", "created_at") VALUES (174, 'VISIT', '/', NULL, '2026-03-21T19:12:40.270Z');
INSERT INTO "analytics" ("id", "type", "page", "user_id", "created_at") VALUES (175, 'VISIT', '/products', NULL, '2026-03-22T07:35:57.656Z');
INSERT INTO "analytics" ("id", "type", "page", "user_id", "created_at") VALUES (176, 'VISIT', '/', NULL, '2026-03-06T22:11:15.667Z');
INSERT INTO "analytics" ("id", "type", "page", "user_id", "created_at") VALUES (177, 'VISIT', '/cart', NULL, '2026-03-14T12:44:59.069Z');
INSERT INTO "analytics" ("id", "type", "page", "user_id", "created_at") VALUES (178, 'VISIT', '/products', NULL, '2026-03-19T04:05:25.985Z');
INSERT INTO "analytics" ("id", "type", "page", "user_id", "created_at") VALUES (179, 'VISIT', '/checkout', NULL, '2026-03-09T15:57:30.332Z');
INSERT INTO "analytics" ("id", "type", "page", "user_id", "created_at") VALUES (180, 'VISIT', '/', NULL, '2026-03-13T16:27:49.036Z');
INSERT INTO "analytics" ("id", "type", "page", "user_id", "created_at") VALUES (181, 'VISIT', '/', NULL, '2026-03-24T19:25:03.068Z');
INSERT INTO "analytics" ("id", "type", "page", "user_id", "created_at") VALUES (182, 'VISIT', '/', NULL, '2026-03-09T05:42:58.966Z');
INSERT INTO "analytics" ("id", "type", "page", "user_id", "created_at") VALUES (183, 'VISIT', '/products', NULL, '2026-03-07T16:03:18.965Z');
INSERT INTO "analytics" ("id", "type", "page", "user_id", "created_at") VALUES (184, 'VISIT', '/products', NULL, '2026-03-08T11:06:04.921Z');
INSERT INTO "analytics" ("id", "type", "page", "user_id", "created_at") VALUES (185, 'VISIT', '/cart', NULL, '2026-03-12T02:52:32.387Z');
INSERT INTO "analytics" ("id", "type", "page", "user_id", "created_at") VALUES (186, 'VISIT', '/products', NULL, '2026-03-25T00:39:07.279Z');
INSERT INTO "analytics" ("id", "type", "page", "user_id", "created_at") VALUES (187, 'VISIT', '/', NULL, '2026-03-29T18:26:44.044Z');
INSERT INTO "analytics" ("id", "type", "page", "user_id", "created_at") VALUES (188, 'VISIT', '/cart', NULL, '2026-03-29T04:52:11.183Z');
INSERT INTO "analytics" ("id", "type", "page", "user_id", "created_at") VALUES (189, 'VISIT', '/products', NULL, '2026-03-27T13:26:29.810Z');
INSERT INTO "analytics" ("id", "type", "page", "user_id", "created_at") VALUES (190, 'VISIT', '/checkout', NULL, '2026-03-14T02:00:08.176Z');
INSERT INTO "analytics" ("id", "type", "page", "user_id", "created_at") VALUES (191, 'VISIT', '/products', NULL, '2026-03-09T22:41:59.874Z');
INSERT INTO "analytics" ("id", "type", "page", "user_id", "created_at") VALUES (192, 'VISIT', '/products', NULL, '2026-03-05T06:22:32.071Z');
INSERT INTO "analytics" ("id", "type", "page", "user_id", "created_at") VALUES (193, 'VISIT', '/checkout', NULL, '2026-03-30T06:25:43.152Z');
INSERT INTO "analytics" ("id", "type", "page", "user_id", "created_at") VALUES (194, 'VISIT', '/products', NULL, '2026-03-15T23:10:04.368Z');
INSERT INTO "analytics" ("id", "type", "page", "user_id", "created_at") VALUES (195, 'VISIT', '/products', NULL, '2026-03-31T18:57:33.554Z');
INSERT INTO "analytics" ("id", "type", "page", "user_id", "created_at") VALUES (196, 'VISIT', '/', NULL, '2026-03-12T23:27:40.277Z');
INSERT INTO "analytics" ("id", "type", "page", "user_id", "created_at") VALUES (197, 'VISIT', '/checkout', NULL, '2026-03-31T22:39:16.850Z');
INSERT INTO "analytics" ("id", "type", "page", "user_id", "created_at") VALUES (198, 'VISIT', '/products', NULL, '2026-03-11T15:53:54.598Z');
INSERT INTO "analytics" ("id", "type", "page", "user_id", "created_at") VALUES (199, 'VISIT', '/products', NULL, '2026-03-09T09:52:52.989Z');
INSERT INTO "analytics" ("id", "type", "page", "user_id", "created_at") VALUES (200, 'VISIT', '/checkout', NULL, '2026-03-14T13:15:46.764Z');
INSERT INTO "analytics" ("id", "type", "page", "user_id", "created_at") VALUES (201, 'VISIT', '/checkout', NULL, '2026-03-28T21:35:53.583Z');
INSERT INTO "analytics" ("id", "type", "page", "user_id", "created_at") VALUES (202, 'VISIT', '/checkout', NULL, '2026-03-20T21:01:58.915Z');
INSERT INTO "analytics" ("id", "type", "page", "user_id", "created_at") VALUES (203, 'VISIT', '/', NULL, '2026-03-28T04:17:14.200Z');
INSERT INTO "analytics" ("id", "type", "page", "user_id", "created_at") VALUES (204, 'VISIT', '/', NULL, '2026-03-18T02:36:02.220Z');
INSERT INTO "analytics" ("id", "type", "page", "user_id", "created_at") VALUES (205, 'VISIT', '/', NULL, '2026-03-15T15:52:18.208Z');
INSERT INTO "analytics" ("id", "type", "page", "user_id", "created_at") VALUES (206, 'VISIT', '/checkout', NULL, '2026-03-17T00:15:59.935Z');
INSERT INTO "analytics" ("id", "type", "page", "user_id", "created_at") VALUES (207, 'VISIT', '/products', NULL, '2026-03-27T21:01:55.228Z');
INSERT INTO "analytics" ("id", "type", "page", "user_id", "created_at") VALUES (208, 'VISIT', '/products', NULL, '2026-03-27T20:24:14.378Z');
INSERT INTO "analytics" ("id", "type", "page", "user_id", "created_at") VALUES (209, 'VISIT', '/', NULL, '2026-03-25T08:31:53.527Z');
INSERT INTO "analytics" ("id", "type", "page", "user_id", "created_at") VALUES (210, 'VISIT', '/products', NULL, '2026-04-01T22:38:35.700Z');
INSERT INTO "analytics" ("id", "type", "page", "user_id", "created_at") VALUES (211, 'VISIT', '/', NULL, '2026-03-26T05:21:41.571Z');
INSERT INTO "analytics" ("id", "type", "page", "user_id", "created_at") VALUES (212, 'VISIT', '/products', NULL, '2026-04-03T09:42:45.814Z');
INSERT INTO "analytics" ("id", "type", "page", "user_id", "created_at") VALUES (213, 'VISIT', '/', NULL, '2026-03-21T01:14:42.901Z');
INSERT INTO "analytics" ("id", "type", "page", "user_id", "created_at") VALUES (214, 'VISIT', '/', NULL, '2026-03-27T09:01:00.765Z');
INSERT INTO "analytics" ("id", "type", "page", "user_id", "created_at") VALUES (215, 'VISIT', '/checkout', NULL, '2026-04-02T14:28:12.857Z');
INSERT INTO "analytics" ("id", "type", "page", "user_id", "created_at") VALUES (216, 'VISIT', '/', NULL, '2026-03-23T17:43:05.056Z');
INSERT INTO "analytics" ("id", "type", "page", "user_id", "created_at") VALUES (217, 'VISIT', '/', NULL, '2026-03-18T20:21:08.431Z');
INSERT INTO "analytics" ("id", "type", "page", "user_id", "created_at") VALUES (218, 'VISIT', '/', NULL, '2026-03-12T03:47:42.903Z');
INSERT INTO "analytics" ("id", "type", "page", "user_id", "created_at") VALUES (219, 'VISIT', '/checkout', NULL, '2026-03-29T02:36:04.608Z');
INSERT INTO "analytics" ("id", "type", "page", "user_id", "created_at") VALUES (220, 'VISIT', '/cart', NULL, '2026-03-10T18:06:57.549Z');
INSERT INTO "analytics" ("id", "type", "page", "user_id", "created_at") VALUES (221, 'VISIT', '/cart', NULL, '2026-03-10T08:31:41.171Z');
INSERT INTO "analytics" ("id", "type", "page", "user_id", "created_at") VALUES (222, 'VISIT', '/', NULL, '2026-04-01T15:28:22.640Z');
INSERT INTO "analytics" ("id", "type", "page", "user_id", "created_at") VALUES (223, 'VISIT', '/', NULL, '2026-03-21T17:28:38.126Z');
INSERT INTO "analytics" ("id", "type", "page", "user_id", "created_at") VALUES (224, 'VISIT', '/checkout', NULL, '2026-03-27T19:30:47.535Z');
INSERT INTO "analytics" ("id", "type", "page", "user_id", "created_at") VALUES (225, 'VISIT', '/products', NULL, '2026-03-27T04:44:18.947Z');
INSERT INTO "analytics" ("id", "type", "page", "user_id", "created_at") VALUES (226, 'VISIT', '/products', NULL, '2026-03-06T13:27:00.563Z');
INSERT INTO "analytics" ("id", "type", "page", "user_id", "created_at") VALUES (227, 'VISIT', '/checkout', NULL, '2026-04-01T10:44:04.991Z');
INSERT INTO "analytics" ("id", "type", "page", "user_id", "created_at") VALUES (228, 'VISIT', '/checkout', NULL, '2026-03-05T12:27:33.021Z');
INSERT INTO "analytics" ("id", "type", "page", "user_id", "created_at") VALUES (229, 'VISIT', '/', NULL, '2026-03-29T04:46:11.507Z');
INSERT INTO "analytics" ("id", "type", "page", "user_id", "created_at") VALUES (230, 'VISIT', '/products', NULL, '2026-03-17T23:17:08.338Z');
INSERT INTO "analytics" ("id", "type", "page", "user_id", "created_at") VALUES (231, 'VISIT', '/', NULL, '2026-03-08T19:33:50.081Z');
INSERT INTO "analytics" ("id", "type", "page", "user_id", "created_at") VALUES (232, 'VISIT', '/products', NULL, '2026-03-08T22:02:33.163Z');
INSERT INTO "analytics" ("id", "type", "page", "user_id", "created_at") VALUES (233, 'VISIT', '/products', NULL, '2026-03-07T15:33:23.263Z');
INSERT INTO "analytics" ("id", "type", "page", "user_id", "created_at") VALUES (234, 'VISIT', '/products', NULL, '2026-03-08T03:57:59.540Z');
INSERT INTO "analytics" ("id", "type", "page", "user_id", "created_at") VALUES (235, 'VISIT', '/', NULL, '2026-03-13T20:49:01.823Z');
INSERT INTO "analytics" ("id", "type", "page", "user_id", "created_at") VALUES (236, 'VISIT', '/products', NULL, '2026-03-24T01:30:47.958Z');
INSERT INTO "analytics" ("id", "type", "page", "user_id", "created_at") VALUES (237, 'VISIT', '/checkout', NULL, '2026-03-21T06:10:19.086Z');
INSERT INTO "analytics" ("id", "type", "page", "user_id", "created_at") VALUES (238, 'VISIT', '/checkout', NULL, '2026-04-03T10:52:35.142Z');
INSERT INTO "analytics" ("id", "type", "page", "user_id", "created_at") VALUES (239, 'VISIT', '/cart', NULL, '2026-03-14T13:36:02.628Z');
INSERT INTO "analytics" ("id", "type", "page", "user_id", "created_at") VALUES (240, 'VISIT', '/checkout', NULL, '2026-03-13T12:41:59.564Z');
INSERT INTO "analytics" ("id", "type", "page", "user_id", "created_at") VALUES (241, 'VISIT', '/checkout', NULL, '2026-03-16T10:37:16.669Z');
INSERT INTO "analytics" ("id", "type", "page", "user_id", "created_at") VALUES (242, 'VISIT', '/', NULL, '2026-03-26T18:21:01.799Z');
INSERT INTO "analytics" ("id", "type", "page", "user_id", "created_at") VALUES (243, 'VISIT', '/checkout', NULL, '2026-03-14T07:19:53.763Z');
INSERT INTO "analytics" ("id", "type", "page", "user_id", "created_at") VALUES (244, 'VISIT', '/', NULL, '2026-03-17T12:46:26.906Z');
INSERT INTO "analytics" ("id", "type", "page", "user_id", "created_at") VALUES (245, 'VISIT', '/', NULL, '2026-03-10T07:48:52.185Z');
INSERT INTO "analytics" ("id", "type", "page", "user_id", "created_at") VALUES (246, 'VISIT', '/checkout', NULL, '2026-03-29T03:41:01.991Z');
INSERT INTO "analytics" ("id", "type", "page", "user_id", "created_at") VALUES (247, 'VISIT', '/cart', NULL, '2026-03-10T17:05:28.413Z');
INSERT INTO "analytics" ("id", "type", "page", "user_id", "created_at") VALUES (248, 'VISIT', '/', NULL, '2026-03-24T05:58:27.002Z');
INSERT INTO "analytics" ("id", "type", "page", "user_id", "created_at") VALUES (249, 'VISIT', '/products', NULL, '2026-03-28T04:26:08.037Z');
INSERT INTO "analytics" ("id", "type", "page", "user_id", "created_at") VALUES (250, 'VISIT', '/', NULL, '2026-04-01T06:15:43.224Z');
INSERT INTO "analytics" ("id", "type", "page", "user_id", "created_at") VALUES (251, 'VISIT', '/products', NULL, '2026-04-02T12:18:15.447Z');
INSERT INTO "analytics" ("id", "type", "page", "user_id", "created_at") VALUES (252, 'VISIT', '/products', NULL, '2026-03-24T05:55:01.526Z');
INSERT INTO "analytics" ("id", "type", "page", "user_id", "created_at") VALUES (253, 'VISIT', '/', NULL, '2026-03-19T04:05:16.825Z');
INSERT INTO "analytics" ("id", "type", "page", "user_id", "created_at") VALUES (254, 'VISIT', '/cart', NULL, '2026-03-12T23:30:27.054Z');
INSERT INTO "analytics" ("id", "type", "page", "user_id", "created_at") VALUES (255, 'VISIT', '/', NULL, '2026-03-14T12:01:19.799Z');
INSERT INTO "analytics" ("id", "type", "page", "user_id", "created_at") VALUES (256, 'VISIT', '/cart', NULL, '2026-04-01T04:49:37.223Z');
INSERT INTO "analytics" ("id", "type", "page", "user_id", "created_at") VALUES (257, 'VISIT', '/cart', NULL, '2026-03-13T22:07:49.656Z');
INSERT INTO "analytics" ("id", "type", "page", "user_id", "created_at") VALUES (258, 'VISIT', '/checkout', NULL, '2026-03-12T11:00:20.106Z');
INSERT INTO "analytics" ("id", "type", "page", "user_id", "created_at") VALUES (259, 'VISIT', '/products', NULL, '2026-03-23T03:05:49.168Z');
INSERT INTO "analytics" ("id", "type", "page", "user_id", "created_at") VALUES (260, 'VISIT', '/', NULL, '2026-03-27T06:34:35.124Z');
INSERT INTO "analytics" ("id", "type", "page", "user_id", "created_at") VALUES (261, 'VISIT', '/', NULL, '2026-03-26T02:08:43.857Z');
INSERT INTO "analytics" ("id", "type", "page", "user_id", "created_at") VALUES (262, 'VISIT', '/products', NULL, '2026-04-02T11:13:38.387Z');
INSERT INTO "analytics" ("id", "type", "page", "user_id", "created_at") VALUES (263, 'VISIT', '/', NULL, '2026-03-07T14:01:29.482Z');
INSERT INTO "analytics" ("id", "type", "page", "user_id", "created_at") VALUES (264, 'VISIT', '/products', NULL, '2026-03-12T12:55:35.713Z');
INSERT INTO "analytics" ("id", "type", "page", "user_id", "created_at") VALUES (265, 'VISIT', '/checkout', NULL, '2026-03-27T15:46:27.262Z');
INSERT INTO "analytics" ("id", "type", "page", "user_id", "created_at") VALUES (266, 'VISIT', '/products', NULL, '2026-03-24T11:39:02.157Z');
INSERT INTO "analytics" ("id", "type", "page", "user_id", "created_at") VALUES (267, 'VISIT', '/cart', NULL, '2026-03-31T03:00:57.135Z');
INSERT INTO "analytics" ("id", "type", "page", "user_id", "created_at") VALUES (268, 'VISIT', '/', NULL, '2026-03-25T17:43:34.497Z');
INSERT INTO "analytics" ("id", "type", "page", "user_id", "created_at") VALUES (269, 'VISIT', '/products', NULL, '2026-03-13T10:42:49.146Z');
INSERT INTO "analytics" ("id", "type", "page", "user_id", "created_at") VALUES (270, 'VISIT', '/products', NULL, '2026-03-31T11:59:54.310Z');
INSERT INTO "analytics" ("id", "type", "page", "user_id", "created_at") VALUES (271, 'VISIT', '/', NULL, '2026-03-25T01:10:10.427Z');
INSERT INTO "analytics" ("id", "type", "page", "user_id", "created_at") VALUES (272, 'VISIT', '/products', NULL, '2026-03-19T00:28:39.210Z');
INSERT INTO "analytics" ("id", "type", "page", "user_id", "created_at") VALUES (273, 'VISIT', '/products', NULL, '2026-03-27T13:29:49.367Z');
INSERT INTO "analytics" ("id", "type", "page", "user_id", "created_at") VALUES (274, 'VISIT', '/', NULL, '2026-03-21T14:07:31.331Z');
INSERT INTO "analytics" ("id", "type", "page", "user_id", "created_at") VALUES (275, 'VISIT', '/products', NULL, '2026-03-08T16:42:14.510Z');
INSERT INTO "analytics" ("id", "type", "page", "user_id", "created_at") VALUES (276, 'VISIT', '/products', NULL, '2026-03-17T19:33:19.633Z');
INSERT INTO "analytics" ("id", "type", "page", "user_id", "created_at") VALUES (277, 'VISIT', '/products', NULL, '2026-03-23T06:15:00.911Z');
INSERT INTO "analytics" ("id", "type", "page", "user_id", "created_at") VALUES (278, 'VISIT', '/checkout', NULL, '2026-03-29T14:07:23.714Z');
INSERT INTO "analytics" ("id", "type", "page", "user_id", "created_at") VALUES (279, 'VISIT', '/checkout', NULL, '2026-03-19T23:40:25.992Z');
INSERT INTO "analytics" ("id", "type", "page", "user_id", "created_at") VALUES (280, 'VISIT', '/checkout', NULL, '2026-03-07T00:47:04.490Z');
INSERT INTO "analytics" ("id", "type", "page", "user_id", "created_at") VALUES (281, 'VISIT', '/', NULL, '2026-03-27T00:05:52.233Z');
INSERT INTO "analytics" ("id", "type", "page", "user_id", "created_at") VALUES (282, 'VISIT', '/', NULL, '2026-04-03T10:35:46.399Z');
INSERT INTO "analytics" ("id", "type", "page", "user_id", "created_at") VALUES (283, 'VISIT', '/products', NULL, '2026-03-14T06:42:01.888Z');
INSERT INTO "analytics" ("id", "type", "page", "user_id", "created_at") VALUES (284, 'VISIT', '/checkout', NULL, '2026-04-02T21:26:29.819Z');
INSERT INTO "analytics" ("id", "type", "page", "user_id", "created_at") VALUES (285, 'VISIT', '/', NULL, '2026-03-11T14:42:56.736Z');
INSERT INTO "analytics" ("id", "type", "page", "user_id", "created_at") VALUES (286, 'VISIT', '/products', NULL, '2026-03-08T07:32:14.126Z');
INSERT INTO "analytics" ("id", "type", "page", "user_id", "created_at") VALUES (287, 'VISIT', '/checkout', NULL, '2026-03-28T04:40:43.589Z');
INSERT INTO "analytics" ("id", "type", "page", "user_id", "created_at") VALUES (288, 'VISIT', '/cart', NULL, '2026-03-26T03:22:55.074Z');
INSERT INTO "analytics" ("id", "type", "page", "user_id", "created_at") VALUES (289, 'VISIT', '/checkout', NULL, '2026-03-10T14:30:47.398Z');
INSERT INTO "analytics" ("id", "type", "page", "user_id", "created_at") VALUES (290, 'VISIT', '/checkout', NULL, '2026-03-13T18:10:27.403Z');
INSERT INTO "analytics" ("id", "type", "page", "user_id", "created_at") VALUES (291, 'VISIT', '/', NULL, '2026-03-11T18:36:23.517Z');
INSERT INTO "analytics" ("id", "type", "page", "user_id", "created_at") VALUES (292, 'VISIT', '/', NULL, '2026-03-25T19:33:17.881Z');
INSERT INTO "analytics" ("id", "type", "page", "user_id", "created_at") VALUES (293, 'VISIT', '/', NULL, '2026-03-12T19:58:23.494Z');
INSERT INTO "analytics" ("id", "type", "page", "user_id", "created_at") VALUES (294, 'VISIT', '/', NULL, '2026-03-27T21:54:47.204Z');
INSERT INTO "analytics" ("id", "type", "page", "user_id", "created_at") VALUES (295, 'VISIT', '/', NULL, '2026-03-17T21:36:24.480Z');
INSERT INTO "analytics" ("id", "type", "page", "user_id", "created_at") VALUES (296, 'VISIT', '/products', NULL, '2026-04-02T18:39:15.355Z');
INSERT INTO "analytics" ("id", "type", "page", "user_id", "created_at") VALUES (297, 'VISIT', '/checkout', NULL, '2026-03-28T13:40:36.177Z');
INSERT INTO "analytics" ("id", "type", "page", "user_id", "created_at") VALUES (298, 'VISIT', '/checkout', NULL, '2026-03-12T18:06:14.148Z');
INSERT INTO "analytics" ("id", "type", "page", "user_id", "created_at") VALUES (299, 'VISIT', '/cart', NULL, '2026-03-10T21:15:46.585Z');
INSERT INTO "analytics" ("id", "type", "page", "user_id", "created_at") VALUES (300, 'VISIT', '/cart', NULL, '2026-03-25T20:16:28.628Z');
INSERT INTO "analytics" ("id", "type", "page", "user_id", "created_at") VALUES (301, 'CLICK', '/products', NULL, '2026-03-30T14:50:00.265Z');
INSERT INTO "analytics" ("id", "type", "page", "user_id", "created_at") VALUES (302, 'CLICK', '/checkout', NULL, '2026-03-24T23:43:13.087Z');
INSERT INTO "analytics" ("id", "type", "page", "user_id", "created_at") VALUES (303, 'CLICK', '/product/1', NULL, '2026-03-30T23:09:16.124Z');
INSERT INTO "analytics" ("id", "type", "page", "user_id", "created_at") VALUES (304, 'CLICK', '/product/1', NULL, '2026-03-20T18:45:54.792Z');
INSERT INTO "analytics" ("id", "type", "page", "user_id", "created_at") VALUES (305, 'CLICK', '/product/1', NULL, '2026-03-14T21:08:59.943Z');
INSERT INTO "analytics" ("id", "type", "page", "user_id", "created_at") VALUES (306, 'CLICK', '/checkout', NULL, '2026-03-31T02:44:46.368Z');
INSERT INTO "analytics" ("id", "type", "page", "user_id", "created_at") VALUES (307, 'CLICK', '/checkout', NULL, '2026-03-16T18:12:09.946Z');
INSERT INTO "analytics" ("id", "type", "page", "user_id", "created_at") VALUES (308, 'CLICK', '/product/1', NULL, '2026-03-31T04:22:52.476Z');
INSERT INTO "analytics" ("id", "type", "page", "user_id", "created_at") VALUES (309, 'CLICK', '/cart', NULL, '2026-03-11T22:49:59.117Z');
INSERT INTO "analytics" ("id", "type", "page", "user_id", "created_at") VALUES (310, 'CLICK', '/cart', NULL, '2026-03-09T00:08:57.297Z');
INSERT INTO "analytics" ("id", "type", "page", "user_id", "created_at") VALUES (311, 'CLICK', '/product/1', NULL, '2026-03-21T06:43:34.419Z');
INSERT INTO "analytics" ("id", "type", "page", "user_id", "created_at") VALUES (312, 'CLICK', '/checkout', NULL, '2026-03-07T08:01:41.009Z');
INSERT INTO "analytics" ("id", "type", "page", "user_id", "created_at") VALUES (313, 'CLICK', '/cart', NULL, '2026-04-01T13:18:21.660Z');
INSERT INTO "analytics" ("id", "type", "page", "user_id", "created_at") VALUES (314, 'CLICK', '/products', NULL, '2026-04-01T01:04:57.917Z');
INSERT INTO "analytics" ("id", "type", "page", "user_id", "created_at") VALUES (315, 'CLICK', '/product/1', NULL, '2026-03-19T23:20:01.558Z');
INSERT INTO "analytics" ("id", "type", "page", "user_id", "created_at") VALUES (316, 'CLICK', '/', NULL, '2026-03-07T21:52:57.078Z');
INSERT INTO "analytics" ("id", "type", "page", "user_id", "created_at") VALUES (317, 'CLICK', '/', NULL, '2026-03-13T00:51:53.599Z');
INSERT INTO "analytics" ("id", "type", "page", "user_id", "created_at") VALUES (318, 'CLICK', '/', NULL, '2026-03-20T19:56:44.012Z');
INSERT INTO "analytics" ("id", "type", "page", "user_id", "created_at") VALUES (319, 'CLICK', '/cart', NULL, '2026-04-02T22:46:10.637Z');
INSERT INTO "analytics" ("id", "type", "page", "user_id", "created_at") VALUES (320, 'CLICK', '/', NULL, '2026-03-26T00:48:12.241Z');
INSERT INTO "analytics" ("id", "type", "page", "user_id", "created_at") VALUES (321, 'CLICK', '/checkout', NULL, '2026-03-22T08:52:57.282Z');
INSERT INTO "analytics" ("id", "type", "page", "user_id", "created_at") VALUES (322, 'CLICK', '/products', NULL, '2026-04-01T22:23:43.313Z');
INSERT INTO "analytics" ("id", "type", "page", "user_id", "created_at") VALUES (323, 'CLICK', '/cart', NULL, '2026-03-27T12:07:05.468Z');
INSERT INTO "analytics" ("id", "type", "page", "user_id", "created_at") VALUES (324, 'CLICK', '/product/1', NULL, '2026-03-29T22:14:34.755Z');
INSERT INTO "analytics" ("id", "type", "page", "user_id", "created_at") VALUES (325, 'CLICK', '/product/1', NULL, '2026-03-20T23:40:01.586Z');
INSERT INTO "analytics" ("id", "type", "page", "user_id", "created_at") VALUES (326, 'CLICK', '/product/1', NULL, '2026-03-28T22:00:08.304Z');
INSERT INTO "analytics" ("id", "type", "page", "user_id", "created_at") VALUES (327, 'CLICK', '/', NULL, '2026-03-07T11:31:28.858Z');
INSERT INTO "analytics" ("id", "type", "page", "user_id", "created_at") VALUES (328, 'CLICK', '/cart', NULL, '2026-03-16T16:58:25.065Z');
INSERT INTO "analytics" ("id", "type", "page", "user_id", "created_at") VALUES (329, 'CLICK', '/', NULL, '2026-03-10T15:17:12.789Z');
INSERT INTO "analytics" ("id", "type", "page", "user_id", "created_at") VALUES (330, 'CLICK', '/', NULL, '2026-03-19T01:19:56.194Z');
INSERT INTO "analytics" ("id", "type", "page", "user_id", "created_at") VALUES (331, 'CLICK', '/product/1', NULL, '2026-03-29T02:28:32.431Z');
INSERT INTO "analytics" ("id", "type", "page", "user_id", "created_at") VALUES (332, 'CLICK', '/', NULL, '2026-03-08T19:01:06.804Z');
INSERT INTO "analytics" ("id", "type", "page", "user_id", "created_at") VALUES (333, 'CLICK', '/product/1', NULL, '2026-03-06T01:54:27.290Z');
INSERT INTO "analytics" ("id", "type", "page", "user_id", "created_at") VALUES (334, 'CLICK', '/product/1', NULL, '2026-03-12T08:50:22.617Z');
INSERT INTO "analytics" ("id", "type", "page", "user_id", "created_at") VALUES (335, 'CLICK', '/cart', NULL, '2026-03-07T06:10:57.768Z');
INSERT INTO "analytics" ("id", "type", "page", "user_id", "created_at") VALUES (336, 'CLICK', '/', NULL, '2026-03-21T03:24:16.985Z');
INSERT INTO "analytics" ("id", "type", "page", "user_id", "created_at") VALUES (337, 'CLICK', '/', NULL, '2026-03-16T11:22:28.721Z');
INSERT INTO "analytics" ("id", "type", "page", "user_id", "created_at") VALUES (338, 'CLICK', '/products', NULL, '2026-03-18T03:30:02.233Z');
INSERT INTO "analytics" ("id", "type", "page", "user_id", "created_at") VALUES (339, 'CLICK', '/products', NULL, '2026-03-19T09:17:31.767Z');
INSERT INTO "analytics" ("id", "type", "page", "user_id", "created_at") VALUES (340, 'CLICK', '/cart', NULL, '2026-03-24T14:19:49.675Z');
INSERT INTO "analytics" ("id", "type", "page", "user_id", "created_at") VALUES (341, 'CLICK', '/checkout', NULL, '2026-03-24T01:59:59.790Z');
INSERT INTO "analytics" ("id", "type", "page", "user_id", "created_at") VALUES (342, 'CLICK', '/', NULL, '2026-03-19T07:26:32.324Z');
INSERT INTO "analytics" ("id", "type", "page", "user_id", "created_at") VALUES (343, 'CLICK', '/', NULL, '2026-03-08T01:25:46.259Z');
INSERT INTO "analytics" ("id", "type", "page", "user_id", "created_at") VALUES (344, 'CLICK', '/product/1', NULL, '2026-03-27T20:21:15.095Z');
INSERT INTO "analytics" ("id", "type", "page", "user_id", "created_at") VALUES (345, 'CLICK', '/cart', NULL, '2026-03-29T21:11:57.514Z');
INSERT INTO "analytics" ("id", "type", "page", "user_id", "created_at") VALUES (346, 'CLICK', '/product/1', NULL, '2026-03-14T16:25:37.290Z');
INSERT INTO "analytics" ("id", "type", "page", "user_id", "created_at") VALUES (347, 'CLICK', '/products', NULL, '2026-03-21T00:20:58.275Z');
INSERT INTO "analytics" ("id", "type", "page", "user_id", "created_at") VALUES (348, 'CLICK', '/products', NULL, '2026-04-01T23:50:21.530Z');
INSERT INTO "analytics" ("id", "type", "page", "user_id", "created_at") VALUES (349, 'CLICK', '/', NULL, '2026-04-03T09:50:22.136Z');
INSERT INTO "analytics" ("id", "type", "page", "user_id", "created_at") VALUES (350, 'CLICK', '/checkout', NULL, '2026-03-26T22:55:46.400Z');
INSERT INTO "analytics" ("id", "type", "page", "user_id", "created_at") VALUES (351, 'CLICK', '/checkout', NULL, '2026-03-08T10:19:02.379Z');
INSERT INTO "analytics" ("id", "type", "page", "user_id", "created_at") VALUES (352, 'CLICK', '/cart', NULL, '2026-03-17T14:47:02.380Z');
INSERT INTO "analytics" ("id", "type", "page", "user_id", "created_at") VALUES (353, 'CLICK', '/cart', NULL, '2026-03-14T23:38:57.049Z');
INSERT INTO "analytics" ("id", "type", "page", "user_id", "created_at") VALUES (354, 'CLICK', '/product/1', NULL, '2026-03-19T09:20:32.599Z');
INSERT INTO "analytics" ("id", "type", "page", "user_id", "created_at") VALUES (355, 'CLICK', '/cart', NULL, '2026-03-30T11:46:24.998Z');
INSERT INTO "analytics" ("id", "type", "page", "user_id", "created_at") VALUES (356, 'CLICK', '/product/1', NULL, '2026-03-16T11:33:34.556Z');
INSERT INTO "analytics" ("id", "type", "page", "user_id", "created_at") VALUES (357, 'CLICK', '/product/1', NULL, '2026-03-23T08:55:37.877Z');
INSERT INTO "analytics" ("id", "type", "page", "user_id", "created_at") VALUES (358, 'CLICK', '/', NULL, '2026-03-31T05:30:55.542Z');
INSERT INTO "analytics" ("id", "type", "page", "user_id", "created_at") VALUES (359, 'CLICK', '/product/1', NULL, '2026-04-02T06:50:13.898Z');
INSERT INTO "analytics" ("id", "type", "page", "user_id", "created_at") VALUES (360, 'CLICK', '/product/1', NULL, '2026-03-06T15:34:08.490Z');
INSERT INTO "analytics" ("id", "type", "page", "user_id", "created_at") VALUES (361, 'CLICK', '/cart', NULL, '2026-03-25T11:27:08.830Z');
INSERT INTO "analytics" ("id", "type", "page", "user_id", "created_at") VALUES (362, 'CLICK', '/cart', NULL, '2026-04-02T23:14:10.085Z');
INSERT INTO "analytics" ("id", "type", "page", "user_id", "created_at") VALUES (363, 'CLICK', '/cart', NULL, '2026-03-22T19:51:08.431Z');
INSERT INTO "analytics" ("id", "type", "page", "user_id", "created_at") VALUES (364, 'CLICK', '/cart', NULL, '2026-03-31T22:46:14.557Z');
INSERT INTO "analytics" ("id", "type", "page", "user_id", "created_at") VALUES (365, 'CLICK', '/product/1', NULL, '2026-03-30T13:33:29.180Z');
INSERT INTO "analytics" ("id", "type", "page", "user_id", "created_at") VALUES (366, 'CLICK', '/checkout', NULL, '2026-03-26T18:42:40.601Z');
INSERT INTO "analytics" ("id", "type", "page", "user_id", "created_at") VALUES (367, 'CLICK', '/products', NULL, '2026-03-22T17:03:06.166Z');
INSERT INTO "analytics" ("id", "type", "page", "user_id", "created_at") VALUES (368, 'CLICK', '/products', NULL, '2026-04-02T00:41:01.854Z');
INSERT INTO "analytics" ("id", "type", "page", "user_id", "created_at") VALUES (369, 'CLICK', '/checkout', NULL, '2026-03-09T07:38:16.991Z');
INSERT INTO "analytics" ("id", "type", "page", "user_id", "created_at") VALUES (370, 'CLICK', '/', NULL, '2026-04-02T11:56:17.691Z');
INSERT INTO "analytics" ("id", "type", "page", "user_id", "created_at") VALUES (371, 'CLICK', '/product/1', NULL, '2026-03-16T09:06:47.435Z');
INSERT INTO "analytics" ("id", "type", "page", "user_id", "created_at") VALUES (372, 'CLICK', '/checkout', NULL, '2026-03-26T05:18:30.026Z');
INSERT INTO "analytics" ("id", "type", "page", "user_id", "created_at") VALUES (373, 'CLICK', '/checkout', NULL, '2026-03-25T16:26:14.017Z');
INSERT INTO "analytics" ("id", "type", "page", "user_id", "created_at") VALUES (374, 'CLICK', '/cart', NULL, '2026-03-09T20:47:11.005Z');
INSERT INTO "analytics" ("id", "type", "page", "user_id", "created_at") VALUES (375, 'CLICK', '/', NULL, '2026-03-21T03:57:36.724Z');
INSERT INTO "analytics" ("id", "type", "page", "user_id", "created_at") VALUES (376, 'CLICK', '/product/1', NULL, '2026-03-24T12:30:42.687Z');
INSERT INTO "analytics" ("id", "type", "page", "user_id", "created_at") VALUES (377, 'CLICK', '/cart', NULL, '2026-03-28T00:32:51.593Z');
INSERT INTO "analytics" ("id", "type", "page", "user_id", "created_at") VALUES (378, 'CLICK', '/', NULL, '2026-03-10T04:17:46.943Z');
INSERT INTO "analytics" ("id", "type", "page", "user_id", "created_at") VALUES (379, 'CLICK', '/cart', NULL, '2026-03-08T04:46:44.041Z');
INSERT INTO "analytics" ("id", "type", "page", "user_id", "created_at") VALUES (380, 'CLICK', '/cart', NULL, '2026-03-09T20:12:39.886Z');
INSERT INTO "analytics" ("id", "type", "page", "user_id", "created_at") VALUES (381, 'CLICK', '/products', NULL, '2026-03-25T17:28:07.432Z');
INSERT INTO "analytics" ("id", "type", "page", "user_id", "created_at") VALUES (382, 'CLICK', '/cart', NULL, '2026-03-09T15:12:47.120Z');
INSERT INTO "analytics" ("id", "type", "page", "user_id", "created_at") VALUES (383, 'CLICK', '/cart', NULL, '2026-03-05T15:13:32.412Z');
INSERT INTO "analytics" ("id", "type", "page", "user_id", "created_at") VALUES (384, 'CLICK', '/checkout', NULL, '2026-03-23T14:32:40.516Z');
INSERT INTO "analytics" ("id", "type", "page", "user_id", "created_at") VALUES (385, 'CLICK', '/checkout', NULL, '2026-03-19T05:42:41.728Z');
INSERT INTO "analytics" ("id", "type", "page", "user_id", "created_at") VALUES (386, 'CLICK', '/products', NULL, '2026-03-14T11:47:41.337Z');
INSERT INTO "analytics" ("id", "type", "page", "user_id", "created_at") VALUES (387, 'CLICK', '/cart', NULL, '2026-04-03T11:29:39.595Z');
INSERT INTO "analytics" ("id", "type", "page", "user_id", "created_at") VALUES (388, 'CLICK', '/products', NULL, '2026-03-06T07:03:01.372Z');
INSERT INTO "analytics" ("id", "type", "page", "user_id", "created_at") VALUES (389, 'CLICK', '/product/1', NULL, '2026-03-21T05:26:01.854Z');
INSERT INTO "analytics" ("id", "type", "page", "user_id", "created_at") VALUES (390, 'CLICK', '/products', NULL, '2026-03-22T01:03:01.556Z');
INSERT INTO "analytics" ("id", "type", "page", "user_id", "created_at") VALUES (391, 'CLICK', '/cart', NULL, '2026-03-26T10:04:57.683Z');
INSERT INTO "analytics" ("id", "type", "page", "user_id", "created_at") VALUES (392, 'CLICK', '/product/1', NULL, '2026-03-27T09:15:46.485Z');
INSERT INTO "analytics" ("id", "type", "page", "user_id", "created_at") VALUES (393, 'CLICK', '/products', NULL, '2026-03-18T18:47:50.482Z');
INSERT INTO "analytics" ("id", "type", "page", "user_id", "created_at") VALUES (394, 'CLICK', '/product/1', NULL, '2026-03-19T04:35:05.710Z');
INSERT INTO "analytics" ("id", "type", "page", "user_id", "created_at") VALUES (395, 'CLICK', '/product/1', NULL, '2026-03-26T17:21:50.467Z');
INSERT INTO "analytics" ("id", "type", "page", "user_id", "created_at") VALUES (396, 'CLICK', '/checkout', NULL, '2026-03-25T07:31:04.308Z');
INSERT INTO "analytics" ("id", "type", "page", "user_id", "created_at") VALUES (397, 'CLICK', '/', NULL, '2026-03-11T23:11:47.937Z');
INSERT INTO "analytics" ("id", "type", "page", "user_id", "created_at") VALUES (398, 'CLICK', '/products', NULL, '2026-03-14T12:37:54.794Z');
INSERT INTO "analytics" ("id", "type", "page", "user_id", "created_at") VALUES (399, 'CLICK', '/products', NULL, '2026-04-02T01:36:52.021Z');
INSERT INTO "analytics" ("id", "type", "page", "user_id", "created_at") VALUES (400, 'CLICK', '/', NULL, '2026-03-31T11:25:24.465Z');
INSERT INTO "analytics" ("id", "type", "page", "user_id", "created_at") VALUES (401, 'CLICK', '/checkout', NULL, '2026-03-13T18:47:27.271Z');
INSERT INTO "analytics" ("id", "type", "page", "user_id", "created_at") VALUES (402, 'CLICK', '/product/1', NULL, '2026-03-06T18:00:38.988Z');
INSERT INTO "analytics" ("id", "type", "page", "user_id", "created_at") VALUES (403, 'CLICK', '/products', NULL, '2026-03-24T23:09:47.978Z');
INSERT INTO "analytics" ("id", "type", "page", "user_id", "created_at") VALUES (404, 'CLICK', '/', NULL, '2026-04-02T03:13:17.641Z');
INSERT INTO "analytics" ("id", "type", "page", "user_id", "created_at") VALUES (405, 'CLICK', '/cart', NULL, '2026-03-08T13:41:39.969Z');
INSERT INTO "analytics" ("id", "type", "page", "user_id", "created_at") VALUES (406, 'CLICK', '/products', NULL, '2026-03-10T13:26:10.291Z');
INSERT INTO "analytics" ("id", "type", "page", "user_id", "created_at") VALUES (407, 'CLICK', '/', NULL, '2026-03-29T16:36:32.355Z');
INSERT INTO "analytics" ("id", "type", "page", "user_id", "created_at") VALUES (408, 'CLICK', '/', NULL, '2026-03-15T01:35:14.956Z');
INSERT INTO "analytics" ("id", "type", "page", "user_id", "created_at") VALUES (409, 'CLICK', '/products', NULL, '2026-03-20T10:28:20.354Z');
INSERT INTO "analytics" ("id", "type", "page", "user_id", "created_at") VALUES (410, 'CLICK', '/', NULL, '2026-03-10T09:37:54.701Z');
INSERT INTO "analytics" ("id", "type", "page", "user_id", "created_at") VALUES (411, 'CLICK', '/checkout', NULL, '2026-03-20T19:29:20.379Z');
INSERT INTO "analytics" ("id", "type", "page", "user_id", "created_at") VALUES (412, 'CLICK', '/checkout', NULL, '2026-03-13T12:41:32.634Z');
INSERT INTO "analytics" ("id", "type", "page", "user_id", "created_at") VALUES (413, 'CLICK', '/product/1', NULL, '2026-03-29T07:33:03.818Z');
INSERT INTO "analytics" ("id", "type", "page", "user_id", "created_at") VALUES (414, 'CLICK', '/checkout', NULL, '2026-03-28T20:23:19.657Z');
INSERT INTO "analytics" ("id", "type", "page", "user_id", "created_at") VALUES (415, 'CLICK', '/checkout', NULL, '2026-03-08T06:31:36.123Z');
INSERT INTO "analytics" ("id", "type", "page", "user_id", "created_at") VALUES (416, 'CLICK', '/product/1', NULL, '2026-03-30T03:13:56.223Z');
INSERT INTO "analytics" ("id", "type", "page", "user_id", "created_at") VALUES (417, 'CLICK', '/checkout', NULL, '2026-03-09T15:17:49.005Z');
INSERT INTO "analytics" ("id", "type", "page", "user_id", "created_at") VALUES (418, 'CLICK', '/products', NULL, '2026-03-10T23:51:03.939Z');
INSERT INTO "analytics" ("id", "type", "page", "user_id", "created_at") VALUES (419, 'CLICK', '/checkout', NULL, '2026-03-24T16:00:52.031Z');
INSERT INTO "analytics" ("id", "type", "page", "user_id", "created_at") VALUES (420, 'CLICK', '/checkout', NULL, '2026-03-09T02:50:15.059Z');
INSERT INTO "analytics" ("id", "type", "page", "user_id", "created_at") VALUES (421, 'CLICK', '/', NULL, '2026-03-21T15:46:13.666Z');
INSERT INTO "analytics" ("id", "type", "page", "user_id", "created_at") VALUES (422, 'CLICK', '/products', NULL, '2026-03-19T03:40:00.468Z');
INSERT INTO "analytics" ("id", "type", "page", "user_id", "created_at") VALUES (423, 'CLICK', '/product/1', NULL, '2026-03-27T06:40:01.788Z');
INSERT INTO "analytics" ("id", "type", "page", "user_id", "created_at") VALUES (424, 'CLICK', '/', NULL, '2026-03-26T13:27:25.185Z');
INSERT INTO "analytics" ("id", "type", "page", "user_id", "created_at") VALUES (425, 'CLICK', '/products', NULL, '2026-04-01T11:12:01.959Z');
INSERT INTO "analytics" ("id", "type", "page", "user_id", "created_at") VALUES (426, 'CLICK', '/cart', NULL, '2026-03-25T04:58:12.416Z');
INSERT INTO "analytics" ("id", "type", "page", "user_id", "created_at") VALUES (427, 'CLICK', '/checkout', NULL, '2026-03-09T10:17:51.662Z');
INSERT INTO "analytics" ("id", "type", "page", "user_id", "created_at") VALUES (428, 'CLICK', '/cart', NULL, '2026-03-18T10:19:47.967Z');
INSERT INTO "analytics" ("id", "type", "page", "user_id", "created_at") VALUES (429, 'CLICK', '/cart', NULL, '2026-03-09T02:17:57.894Z');
INSERT INTO "analytics" ("id", "type", "page", "user_id", "created_at") VALUES (430, 'CLICK', '/products', NULL, '2026-03-07T02:27:56.982Z');
INSERT INTO "analytics" ("id", "type", "page", "user_id", "created_at") VALUES (431, 'CLICK', '/cart', NULL, '2026-03-11T06:13:17.870Z');
INSERT INTO "analytics" ("id", "type", "page", "user_id", "created_at") VALUES (432, 'CLICK', '/product/1', NULL, '2026-03-14T04:44:50.102Z');
INSERT INTO "analytics" ("id", "type", "page", "user_id", "created_at") VALUES (433, 'CLICK', '/', NULL, '2026-03-06T09:13:22.752Z');
INSERT INTO "analytics" ("id", "type", "page", "user_id", "created_at") VALUES (434, 'CLICK', '/products', NULL, '2026-03-19T06:57:27.873Z');
INSERT INTO "analytics" ("id", "type", "page", "user_id", "created_at") VALUES (435, 'CLICK', '/cart', NULL, '2026-04-02T20:15:11.839Z');
INSERT INTO "analytics" ("id", "type", "page", "user_id", "created_at") VALUES (436, 'CLICK', '/cart', NULL, '2026-03-20T06:00:03.587Z');
INSERT INTO "analytics" ("id", "type", "page", "user_id", "created_at") VALUES (437, 'CLICK', '/cart', NULL, '2026-03-22T21:24:00.896Z');
INSERT INTO "analytics" ("id", "type", "page", "user_id", "created_at") VALUES (438, 'CLICK', '/products', NULL, '2026-04-02T00:14:09.542Z');
INSERT INTO "analytics" ("id", "type", "page", "user_id", "created_at") VALUES (439, 'CLICK', '/product/1', NULL, '2026-03-07T05:38:15.890Z');
INSERT INTO "analytics" ("id", "type", "page", "user_id", "created_at") VALUES (440, 'CLICK', '/products', NULL, '2026-04-01T00:17:01.292Z');
INSERT INTO "analytics" ("id", "type", "page", "user_id", "created_at") VALUES (441, 'CLICK', '/products', NULL, '2026-03-11T01:15:53.632Z');
INSERT INTO "analytics" ("id", "type", "page", "user_id", "created_at") VALUES (442, 'CLICK', '/products', NULL, '2026-04-02T04:25:51.864Z');
INSERT INTO "analytics" ("id", "type", "page", "user_id", "created_at") VALUES (443, 'CLICK', '/checkout', NULL, '2026-03-14T03:04:21.652Z');
INSERT INTO "analytics" ("id", "type", "page", "user_id", "created_at") VALUES (444, 'CLICK', '/', NULL, '2026-03-24T20:39:30.817Z');
INSERT INTO "analytics" ("id", "type", "page", "user_id", "created_at") VALUES (445, 'CLICK', '/product/1', NULL, '2026-03-19T13:47:00.500Z');
INSERT INTO "analytics" ("id", "type", "page", "user_id", "created_at") VALUES (446, 'CLICK', '/product/1', NULL, '2026-03-28T05:27:03.649Z');
INSERT INTO "analytics" ("id", "type", "page", "user_id", "created_at") VALUES (447, 'CLICK', '/checkout', NULL, '2026-03-26T10:24:55.434Z');
INSERT INTO "analytics" ("id", "type", "page", "user_id", "created_at") VALUES (448, 'CLICK', '/cart', NULL, '2026-03-24T13:33:15.826Z');
INSERT INTO "analytics" ("id", "type", "page", "user_id", "created_at") VALUES (449, 'CLICK', '/checkout', NULL, '2026-03-24T11:20:10.152Z');
INSERT INTO "analytics" ("id", "type", "page", "user_id", "created_at") VALUES (450, 'CLICK', '/checkout', NULL, '2026-03-06T22:56:59.376Z');
INSERT INTO "analytics" ("id", "type", "page", "user_id", "created_at") VALUES (451, 'CLICK', '/cart', NULL, '2026-03-18T23:07:36.267Z');
INSERT INTO "analytics" ("id", "type", "page", "user_id", "created_at") VALUES (452, 'CLICK', '/checkout', NULL, '2026-03-06T11:17:15.873Z');
INSERT INTO "analytics" ("id", "type", "page", "user_id", "created_at") VALUES (453, 'CLICK', '/products', NULL, '2026-03-26T01:06:50.064Z');
INSERT INTO "analytics" ("id", "type", "page", "user_id", "created_at") VALUES (454, 'CLICK', '/product/1', NULL, '2026-03-18T14:19:52.010Z');
INSERT INTO "analytics" ("id", "type", "page", "user_id", "created_at") VALUES (455, 'CLICK', '/products', NULL, '2026-03-30T21:39:46.898Z');
INSERT INTO "analytics" ("id", "type", "page", "user_id", "created_at") VALUES (456, 'CLICK', '/cart', NULL, '2026-03-20T03:12:28.909Z');
INSERT INTO "analytics" ("id", "type", "page", "user_id", "created_at") VALUES (457, 'CLICK', '/product/1', NULL, '2026-03-11T21:27:04.827Z');
INSERT INTO "analytics" ("id", "type", "page", "user_id", "created_at") VALUES (458, 'CLICK', '/', NULL, '2026-03-30T19:27:50.470Z');
INSERT INTO "analytics" ("id", "type", "page", "user_id", "created_at") VALUES (459, 'CLICK', '/product/1', NULL, '2026-03-30T22:18:49.385Z');
INSERT INTO "analytics" ("id", "type", "page", "user_id", "created_at") VALUES (460, 'CLICK', '/product/1', NULL, '2026-04-01T12:21:27.975Z');
INSERT INTO "analytics" ("id", "type", "page", "user_id", "created_at") VALUES (461, 'CLICK', '/', NULL, '2026-03-21T08:43:36.629Z');
INSERT INTO "analytics" ("id", "type", "page", "user_id", "created_at") VALUES (462, 'CLICK', '/product/1', NULL, '2026-03-24T08:22:08.044Z');
INSERT INTO "analytics" ("id", "type", "page", "user_id", "created_at") VALUES (463, 'CLICK', '/cart', NULL, '2026-03-19T20:22:31.735Z');
INSERT INTO "analytics" ("id", "type", "page", "user_id", "created_at") VALUES (464, 'CLICK', '/products', NULL, '2026-03-31T13:49:18.284Z');
INSERT INTO "analytics" ("id", "type", "page", "user_id", "created_at") VALUES (465, 'CLICK', '/cart', NULL, '2026-03-15T12:43:45.545Z');
INSERT INTO "analytics" ("id", "type", "page", "user_id", "created_at") VALUES (466, 'CLICK', '/cart', NULL, '2026-03-24T10:20:05.715Z');
INSERT INTO "analytics" ("id", "type", "page", "user_id", "created_at") VALUES (467, 'CLICK', '/products', NULL, '2026-03-05T17:06:35.133Z');
INSERT INTO "analytics" ("id", "type", "page", "user_id", "created_at") VALUES (468, 'CLICK', '/checkout', NULL, '2026-03-22T23:18:05.180Z');
INSERT INTO "analytics" ("id", "type", "page", "user_id", "created_at") VALUES (469, 'CLICK', '/products', NULL, '2026-03-29T09:40:52.299Z');
INSERT INTO "analytics" ("id", "type", "page", "user_id", "created_at") VALUES (470, 'CLICK', '/cart', NULL, '2026-03-29T18:05:40.091Z');
INSERT INTO "analytics" ("id", "type", "page", "user_id", "created_at") VALUES (471, 'CLICK', '/cart', NULL, '2026-03-14T07:27:23.017Z');
INSERT INTO "analytics" ("id", "type", "page", "user_id", "created_at") VALUES (472, 'CLICK', '/', NULL, '2026-03-10T07:13:50.739Z');
INSERT INTO "analytics" ("id", "type", "page", "user_id", "created_at") VALUES (473, 'CLICK', '/product/1', NULL, '2026-03-29T01:39:43.014Z');
INSERT INTO "analytics" ("id", "type", "page", "user_id", "created_at") VALUES (474, 'CLICK', '/cart', NULL, '2026-03-18T20:51:24.605Z');
INSERT INTO "analytics" ("id", "type", "page", "user_id", "created_at") VALUES (475, 'CLICK', '/products', NULL, '2026-03-23T00:36:11.102Z');
INSERT INTO "analytics" ("id", "type", "page", "user_id", "created_at") VALUES (476, 'CLICK', '/products', NULL, '2026-03-24T06:27:58.985Z');
INSERT INTO "analytics" ("id", "type", "page", "user_id", "created_at") VALUES (477, 'CLICK', '/product/1', NULL, '2026-03-06T07:15:58.265Z');
INSERT INTO "analytics" ("id", "type", "page", "user_id", "created_at") VALUES (478, 'CLICK', '/products', NULL, '2026-03-23T04:00:50.280Z');
INSERT INTO "analytics" ("id", "type", "page", "user_id", "created_at") VALUES (479, 'CLICK', '/product/1', NULL, '2026-03-12T18:45:14.154Z');
INSERT INTO "analytics" ("id", "type", "page", "user_id", "created_at") VALUES (480, 'CLICK', '/cart', NULL, '2026-03-15T09:32:55.529Z');
INSERT INTO "analytics" ("id", "type", "page", "user_id", "created_at") VALUES (481, 'CLICK', '/', NULL, '2026-04-02T11:03:20.793Z');
INSERT INTO "analytics" ("id", "type", "page", "user_id", "created_at") VALUES (482, 'CLICK', '/checkout', NULL, '2026-03-17T00:37:33.326Z');
INSERT INTO "analytics" ("id", "type", "page", "user_id", "created_at") VALUES (483, 'CLICK', '/products', NULL, '2026-03-16T01:54:37.732Z');
INSERT INTO "analytics" ("id", "type", "page", "user_id", "created_at") VALUES (484, 'CLICK', '/cart', NULL, '2026-03-16T00:10:46.946Z');
INSERT INTO "analytics" ("id", "type", "page", "user_id", "created_at") VALUES (485, 'CLICK', '/products', NULL, '2026-03-24T10:33:34.043Z');
INSERT INTO "analytics" ("id", "type", "page", "user_id", "created_at") VALUES (486, 'CLICK', '/', NULL, '2026-03-07T03:28:38.684Z');
INSERT INTO "analytics" ("id", "type", "page", "user_id", "created_at") VALUES (487, 'CLICK', '/products', NULL, '2026-03-12T21:26:11.478Z');
INSERT INTO "analytics" ("id", "type", "page", "user_id", "created_at") VALUES (488, 'CLICK', '/product/1', NULL, '2026-03-28T07:19:15.337Z');
INSERT INTO "analytics" ("id", "type", "page", "user_id", "created_at") VALUES (489, 'CLICK', '/', NULL, '2026-03-22T05:18:53.728Z');
INSERT INTO "analytics" ("id", "type", "page", "user_id", "created_at") VALUES (490, 'CLICK', '/cart', NULL, '2026-03-10T16:56:20.860Z');
INSERT INTO "analytics" ("id", "type", "page", "user_id", "created_at") VALUES (491, 'CLICK', '/products', NULL, '2026-03-17T00:31:50.575Z');
INSERT INTO "analytics" ("id", "type", "page", "user_id", "created_at") VALUES (492, 'CLICK', '/product/1', NULL, '2026-03-21T14:50:01.398Z');
INSERT INTO "analytics" ("id", "type", "page", "user_id", "created_at") VALUES (493, 'CLICK', '/products', NULL, '2026-03-11T07:03:06.352Z');
INSERT INTO "analytics" ("id", "type", "page", "user_id", "created_at") VALUES (494, 'CLICK', '/cart', NULL, '2026-03-08T02:21:04.406Z');
INSERT INTO "analytics" ("id", "type", "page", "user_id", "created_at") VALUES (495, 'CLICK', '/product/1', NULL, '2026-03-27T23:24:14.404Z');
INSERT INTO "analytics" ("id", "type", "page", "user_id", "created_at") VALUES (496, 'CLICK', '/products', NULL, '2026-03-25T12:16:03.962Z');
INSERT INTO "analytics" ("id", "type", "page", "user_id", "created_at") VALUES (497, 'CLICK', '/', NULL, '2026-03-19T00:21:12.242Z');
INSERT INTO "analytics" ("id", "type", "page", "user_id", "created_at") VALUES (498, 'CLICK', '/', NULL, '2026-03-07T00:26:17.358Z');
INSERT INTO "analytics" ("id", "type", "page", "user_id", "created_at") VALUES (499, 'CLICK', '/cart', NULL, '2026-03-23T00:02:26.336Z');
INSERT INTO "analytics" ("id", "type", "page", "user_id", "created_at") VALUES (500, 'CLICK', '/', NULL, '2026-03-29T07:35:40.607Z');
INSERT INTO "analytics" ("id", "type", "page", "user_id", "created_at") VALUES (501, 'CLICK', '/', NULL, '2026-03-09T20:17:29.998Z');
INSERT INTO "analytics" ("id", "type", "page", "user_id", "created_at") VALUES (502, 'CLICK', '/', NULL, '2026-03-05T10:57:12.435Z');
INSERT INTO "analytics" ("id", "type", "page", "user_id", "created_at") VALUES (503, 'CLICK', '/', NULL, '2026-03-05T00:01:30.126Z');
INSERT INTO "analytics" ("id", "type", "page", "user_id", "created_at") VALUES (504, 'CLICK', '/', NULL, '2026-04-01T05:22:41.217Z');
INSERT INTO "analytics" ("id", "type", "page", "user_id", "created_at") VALUES (505, 'CLICK', '/products', NULL, '2026-03-28T07:28:30.524Z');
INSERT INTO "analytics" ("id", "type", "page", "user_id", "created_at") VALUES (506, 'CLICK', '/products', NULL, '2026-03-18T05:55:49.526Z');
INSERT INTO "analytics" ("id", "type", "page", "user_id", "created_at") VALUES (507, 'CLICK', '/product/1', NULL, '2026-03-14T15:34:51.766Z');
INSERT INTO "analytics" ("id", "type", "page", "user_id", "created_at") VALUES (508, 'CLICK', '/cart', NULL, '2026-03-15T14:33:33.090Z');
INSERT INTO "analytics" ("id", "type", "page", "user_id", "created_at") VALUES (509, 'CLICK', '/', NULL, '2026-03-06T00:41:34.387Z');
INSERT INTO "analytics" ("id", "type", "page", "user_id", "created_at") VALUES (510, 'CLICK', '/product/1', NULL, '2026-04-02T23:00:08.194Z');
INSERT INTO "analytics" ("id", "type", "page", "user_id", "created_at") VALUES (511, 'CLICK', '/cart', NULL, '2026-03-30T02:58:24.692Z');
INSERT INTO "analytics" ("id", "type", "page", "user_id", "created_at") VALUES (512, 'CLICK', '/', NULL, '2026-03-28T20:39:20.966Z');
INSERT INTO "analytics" ("id", "type", "page", "user_id", "created_at") VALUES (513, 'CLICK', '/cart', NULL, '2026-03-22T07:45:16.034Z');
INSERT INTO "analytics" ("id", "type", "page", "user_id", "created_at") VALUES (514, 'CLICK', '/', NULL, '2026-04-02T09:22:06.507Z');
INSERT INTO "analytics" ("id", "type", "page", "user_id", "created_at") VALUES (515, 'CLICK', '/product/1', NULL, '2026-03-17T10:37:24.348Z');
INSERT INTO "analytics" ("id", "type", "page", "user_id", "created_at") VALUES (516, 'CLICK', '/', NULL, '2026-03-27T03:13:09.495Z');
INSERT INTO "analytics" ("id", "type", "page", "user_id", "created_at") VALUES (517, 'CLICK', '/', NULL, '2026-03-15T02:21:09.605Z');
INSERT INTO "analytics" ("id", "type", "page", "user_id", "created_at") VALUES (518, 'CLICK', '/cart', NULL, '2026-03-30T13:08:39.539Z');
INSERT INTO "analytics" ("id", "type", "page", "user_id", "created_at") VALUES (519, 'CLICK', '/cart', NULL, '2026-03-06T23:14:15.487Z');
INSERT INTO "analytics" ("id", "type", "page", "user_id", "created_at") VALUES (520, 'CLICK', '/product/1', NULL, '2026-04-01T01:36:28.087Z');
INSERT INTO "analytics" ("id", "type", "page", "user_id", "created_at") VALUES (521, 'CLICK', '/product/1', NULL, '2026-03-24T09:36:30.063Z');
INSERT INTO "analytics" ("id", "type", "page", "user_id", "created_at") VALUES (522, 'CLICK', '/cart', NULL, '2026-03-16T14:20:26.844Z');
INSERT INTO "analytics" ("id", "type", "page", "user_id", "created_at") VALUES (523, 'CLICK', '/product/1', NULL, '2026-03-13T02:59:35.194Z');
INSERT INTO "analytics" ("id", "type", "page", "user_id", "created_at") VALUES (524, 'CLICK', '/product/1', NULL, '2026-03-13T10:40:18.477Z');
INSERT INTO "analytics" ("id", "type", "page", "user_id", "created_at") VALUES (525, 'CLICK', '/cart', NULL, '2026-03-11T17:35:27.162Z');
INSERT INTO "analytics" ("id", "type", "page", "user_id", "created_at") VALUES (526, 'CLICK', '/cart', NULL, '2026-03-09T22:21:28.543Z');
INSERT INTO "analytics" ("id", "type", "page", "user_id", "created_at") VALUES (527, 'CLICK', '/checkout', NULL, '2026-03-26T03:38:31.657Z');
INSERT INTO "analytics" ("id", "type", "page", "user_id", "created_at") VALUES (528, 'CLICK', '/checkout', NULL, '2026-03-06T22:37:11.482Z');
INSERT INTO "analytics" ("id", "type", "page", "user_id", "created_at") VALUES (529, 'CLICK', '/products', NULL, '2026-04-01T09:49:04.152Z');
INSERT INTO "analytics" ("id", "type", "page", "user_id", "created_at") VALUES (530, 'CLICK', '/', NULL, '2026-03-07T02:13:10.688Z');
INSERT INTO "analytics" ("id", "type", "page", "user_id", "created_at") VALUES (531, 'CLICK', '/', NULL, '2026-03-11T13:13:18.422Z');
INSERT INTO "analytics" ("id", "type", "page", "user_id", "created_at") VALUES (532, 'CLICK', '/product/1', NULL, '2026-03-07T23:17:07.466Z');
INSERT INTO "analytics" ("id", "type", "page", "user_id", "created_at") VALUES (533, 'CLICK', '/checkout', NULL, '2026-03-24T01:29:03.975Z');
INSERT INTO "analytics" ("id", "type", "page", "user_id", "created_at") VALUES (534, 'CLICK', '/checkout', NULL, '2026-03-15T18:04:36.563Z');
INSERT INTO "analytics" ("id", "type", "page", "user_id", "created_at") VALUES (535, 'CLICK', '/product/1', NULL, '2026-03-17T00:58:21.102Z');
INSERT INTO "analytics" ("id", "type", "page", "user_id", "created_at") VALUES (536, 'CLICK', '/product/1', NULL, '2026-03-25T06:46:42.948Z');
INSERT INTO "analytics" ("id", "type", "page", "user_id", "created_at") VALUES (537, 'CLICK', '/', NULL, '2026-03-15T11:06:55.289Z');
INSERT INTO "analytics" ("id", "type", "page", "user_id", "created_at") VALUES (538, 'CLICK', '/product/1', NULL, '2026-03-11T06:01:40.939Z');
INSERT INTO "analytics" ("id", "type", "page", "user_id", "created_at") VALUES (539, 'CLICK', '/', NULL, '2026-03-09T02:06:11.007Z');
INSERT INTO "analytics" ("id", "type", "page", "user_id", "created_at") VALUES (540, 'CLICK', '/checkout', NULL, '2026-03-05T01:38:55.549Z');
INSERT INTO "analytics" ("id", "type", "page", "user_id", "created_at") VALUES (541, 'CLICK', '/checkout', NULL, '2026-03-13T17:00:56.230Z');
INSERT INTO "analytics" ("id", "type", "page", "user_id", "created_at") VALUES (542, 'CLICK', '/', NULL, '2026-03-26T23:02:30.347Z');
INSERT INTO "analytics" ("id", "type", "page", "user_id", "created_at") VALUES (543, 'CLICK', '/products', NULL, '2026-03-19T02:10:31.495Z');
INSERT INTO "analytics" ("id", "type", "page", "user_id", "created_at") VALUES (544, 'CLICK', '/product/1', NULL, '2026-03-22T02:21:23.003Z');
INSERT INTO "analytics" ("id", "type", "page", "user_id", "created_at") VALUES (545, 'CLICK', '/cart', NULL, '2026-03-22T11:11:44.778Z');
INSERT INTO "analytics" ("id", "type", "page", "user_id", "created_at") VALUES (546, 'CLICK', '/products', NULL, '2026-03-15T01:11:33.590Z');
INSERT INTO "analytics" ("id", "type", "page", "user_id", "created_at") VALUES (547, 'CLICK', '/checkout', NULL, '2026-03-14T02:06:40.768Z');
INSERT INTO "analytics" ("id", "type", "page", "user_id", "created_at") VALUES (548, 'CLICK', '/cart', NULL, '2026-03-09T22:01:27.974Z');
INSERT INTO "analytics" ("id", "type", "page", "user_id", "created_at") VALUES (549, 'CLICK', '/cart', NULL, '2026-03-31T21:45:54.310Z');
INSERT INTO "analytics" ("id", "type", "page", "user_id", "created_at") VALUES (550, 'CLICK', '/product/1', NULL, '2026-04-02T17:16:46.530Z');
INSERT INTO "analytics" ("id", "type", "page", "user_id", "created_at") VALUES (551, 'CLICK', '/products', NULL, '2026-04-03T03:01:13.507Z');
INSERT INTO "analytics" ("id", "type", "page", "user_id", "created_at") VALUES (552, 'CLICK', '/product/1', NULL, '2026-03-17T21:20:58.380Z');
INSERT INTO "analytics" ("id", "type", "page", "user_id", "created_at") VALUES (553, 'CLICK', '/products', NULL, '2026-03-25T11:45:04.791Z');
INSERT INTO "analytics" ("id", "type", "page", "user_id", "created_at") VALUES (554, 'CLICK', '/cart', NULL, '2026-03-27T01:19:30.449Z');
INSERT INTO "analytics" ("id", "type", "page", "user_id", "created_at") VALUES (555, 'CLICK', '/products', NULL, '2026-03-29T16:16:18.935Z');
INSERT INTO "analytics" ("id", "type", "page", "user_id", "created_at") VALUES (556, 'CLICK', '/product/1', NULL, '2026-03-23T09:38:34.468Z');
INSERT INTO "analytics" ("id", "type", "page", "user_id", "created_at") VALUES (557, 'CLICK', '/checkout', NULL, '2026-03-29T13:17:21.257Z');
INSERT INTO "analytics" ("id", "type", "page", "user_id", "created_at") VALUES (558, 'CLICK', '/products', NULL, '2026-03-21T22:34:12.866Z');
INSERT INTO "analytics" ("id", "type", "page", "user_id", "created_at") VALUES (559, 'CLICK', '/products', NULL, '2026-04-02T01:08:02.374Z');
INSERT INTO "analytics" ("id", "type", "page", "user_id", "created_at") VALUES (560, 'CLICK', '/products', NULL, '2026-03-20T08:08:37.955Z');
INSERT INTO "analytics" ("id", "type", "page", "user_id", "created_at") VALUES (561, 'CLICK', '/', NULL, '2026-04-01T02:17:57.967Z');
INSERT INTO "analytics" ("id", "type", "page", "user_id", "created_at") VALUES (562, 'CLICK', '/product/1', NULL, '2026-03-12T02:34:16.040Z');
INSERT INTO "analytics" ("id", "type", "page", "user_id", "created_at") VALUES (563, 'CLICK', '/products', NULL, '2026-03-26T01:50:30.486Z');
INSERT INTO "analytics" ("id", "type", "page", "user_id", "created_at") VALUES (564, 'CLICK', '/product/1', NULL, '2026-04-02T21:38:10.350Z');
INSERT INTO "analytics" ("id", "type", "page", "user_id", "created_at") VALUES (565, 'CLICK', '/products', NULL, '2026-03-24T20:24:01.625Z');
INSERT INTO "analytics" ("id", "type", "page", "user_id", "created_at") VALUES (566, 'CLICK', '/checkout', NULL, '2026-03-23T15:20:14.595Z');
INSERT INTO "analytics" ("id", "type", "page", "user_id", "created_at") VALUES (567, 'CLICK', '/products', NULL, '2026-03-19T10:59:14.723Z');
INSERT INTO "analytics" ("id", "type", "page", "user_id", "created_at") VALUES (568, 'CLICK', '/', NULL, '2026-03-24T10:09:05.284Z');
INSERT INTO "analytics" ("id", "type", "page", "user_id", "created_at") VALUES (569, 'CLICK', '/products', NULL, '2026-03-05T02:33:49.641Z');
INSERT INTO "analytics" ("id", "type", "page", "user_id", "created_at") VALUES (570, 'CLICK', '/', NULL, '2026-03-16T13:24:36.033Z');
INSERT INTO "analytics" ("id", "type", "page", "user_id", "created_at") VALUES (571, 'CLICK', '/products', NULL, '2026-03-10T02:57:35.700Z');
INSERT INTO "analytics" ("id", "type", "page", "user_id", "created_at") VALUES (572, 'CLICK', '/checkout', NULL, '2026-03-23T14:15:52.607Z');
INSERT INTO "analytics" ("id", "type", "page", "user_id", "created_at") VALUES (573, 'CLICK', '/checkout', NULL, '2026-04-01T03:11:38.585Z');
INSERT INTO "analytics" ("id", "type", "page", "user_id", "created_at") VALUES (574, 'CLICK', '/product/1', NULL, '2026-03-17T03:14:12.890Z');
INSERT INTO "analytics" ("id", "type", "page", "user_id", "created_at") VALUES (575, 'CLICK', '/products', NULL, '2026-04-01T22:20:46.103Z');
INSERT INTO "analytics" ("id", "type", "page", "user_id", "created_at") VALUES (576, 'CLICK', '/', NULL, '2026-03-30T08:11:58.271Z');
INSERT INTO "analytics" ("id", "type", "page", "user_id", "created_at") VALUES (577, 'CLICK', '/checkout', NULL, '2026-03-13T05:14:18.864Z');
INSERT INTO "analytics" ("id", "type", "page", "user_id", "created_at") VALUES (578, 'CLICK', '/product/1', NULL, '2026-03-11T19:10:14.758Z');
INSERT INTO "analytics" ("id", "type", "page", "user_id", "created_at") VALUES (579, 'CLICK', '/cart', NULL, '2026-03-22T05:37:02.587Z');
INSERT INTO "analytics" ("id", "type", "page", "user_id", "created_at") VALUES (580, 'CLICK', '/checkout', NULL, '2026-04-02T10:45:53.801Z');
INSERT INTO "analytics" ("id", "type", "page", "user_id", "created_at") VALUES (581, 'CLICK', '/product/1', NULL, '2026-03-13T03:50:39.142Z');
INSERT INTO "analytics" ("id", "type", "page", "user_id", "created_at") VALUES (582, 'CLICK', '/checkout', NULL, '2026-03-07T23:51:42.502Z');
INSERT INTO "analytics" ("id", "type", "page", "user_id", "created_at") VALUES (583, 'CLICK', '/product/1', NULL, '2026-03-12T08:32:18.494Z');
INSERT INTO "analytics" ("id", "type", "page", "user_id", "created_at") VALUES (584, 'CLICK', '/cart', NULL, '2026-03-27T03:56:42.925Z');
INSERT INTO "analytics" ("id", "type", "page", "user_id", "created_at") VALUES (585, 'CLICK', '/checkout', NULL, '2026-04-02T03:57:12.911Z');
INSERT INTO "analytics" ("id", "type", "page", "user_id", "created_at") VALUES (586, 'CLICK', '/cart', NULL, '2026-03-24T18:10:47.760Z');
INSERT INTO "analytics" ("id", "type", "page", "user_id", "created_at") VALUES (587, 'CLICK', '/', NULL, '2026-03-31T21:02:42.819Z');
INSERT INTO "analytics" ("id", "type", "page", "user_id", "created_at") VALUES (588, 'CLICK', '/', NULL, '2026-03-06T01:21:01.753Z');
INSERT INTO "analytics" ("id", "type", "page", "user_id", "created_at") VALUES (589, 'CLICK', '/cart', NULL, '2026-03-05T10:40:55.050Z');
INSERT INTO "analytics" ("id", "type", "page", "user_id", "created_at") VALUES (590, 'CLICK', '/', NULL, '2026-03-20T01:00:58.241Z');
INSERT INTO "analytics" ("id", "type", "page", "user_id", "created_at") VALUES (591, 'CLICK', '/checkout', NULL, '2026-03-19T02:12:42.522Z');
INSERT INTO "analytics" ("id", "type", "page", "user_id", "created_at") VALUES (592, 'CLICK', '/products', NULL, '2026-03-17T16:19:01.308Z');
INSERT INTO "analytics" ("id", "type", "page", "user_id", "created_at") VALUES (593, 'CLICK', '/', NULL, '2026-03-15T19:19:13.076Z');
INSERT INTO "analytics" ("id", "type", "page", "user_id", "created_at") VALUES (594, 'CLICK', '/cart', NULL, '2026-04-01T18:33:56.935Z');
INSERT INTO "analytics" ("id", "type", "page", "user_id", "created_at") VALUES (595, 'CLICK', '/products', NULL, '2026-03-17T04:18:51.381Z');
INSERT INTO "analytics" ("id", "type", "page", "user_id", "created_at") VALUES (596, 'CLICK', '/cart', NULL, '2026-04-01T07:51:24.214Z');
INSERT INTO "analytics" ("id", "type", "page", "user_id", "created_at") VALUES (597, 'CLICK', '/product/1', NULL, '2026-04-01T07:53:44.075Z');
INSERT INTO "analytics" ("id", "type", "page", "user_id", "created_at") VALUES (598, 'CLICK', '/checkout', NULL, '2026-03-23T19:31:41.697Z');
INSERT INTO "analytics" ("id", "type", "page", "user_id", "created_at") VALUES (599, 'CLICK', '/product/1', NULL, '2026-03-20T00:09:29.545Z');
INSERT INTO "analytics" ("id", "type", "page", "user_id", "created_at") VALUES (600, 'CLICK', '/cart', NULL, '2026-03-05T23:02:21.717Z');
INSERT INTO "analytics" ("id", "type", "page", "user_id", "created_at") VALUES (601, 'CLICK', '/products', NULL, '2026-03-22T19:50:08.314Z');
INSERT INTO "analytics" ("id", "type", "page", "user_id", "created_at") VALUES (602, 'CLICK', '/products', NULL, '2026-03-21T02:30:02.896Z');
INSERT INTO "analytics" ("id", "type", "page", "user_id", "created_at") VALUES (603, 'CLICK', '/cart', NULL, '2026-03-14T14:24:27.391Z');
INSERT INTO "analytics" ("id", "type", "page", "user_id", "created_at") VALUES (604, 'CLICK', '/product/1', NULL, '2026-03-05T14:27:31.875Z');
INSERT INTO "analytics" ("id", "type", "page", "user_id", "created_at") VALUES (605, 'CLICK', '/', NULL, '2026-03-12T21:20:17.963Z');
INSERT INTO "analytics" ("id", "type", "page", "user_id", "created_at") VALUES (606, 'CLICK', '/cart', NULL, '2026-03-09T04:41:32.082Z');
INSERT INTO "analytics" ("id", "type", "page", "user_id", "created_at") VALUES (607, 'CLICK', '/cart', NULL, '2026-03-22T05:33:35.160Z');
INSERT INTO "analytics" ("id", "type", "page", "user_id", "created_at") VALUES (608, 'CLICK', '/products', NULL, '2026-03-25T17:00:58.356Z');
INSERT INTO "analytics" ("id", "type", "page", "user_id", "created_at") VALUES (609, 'CLICK', '/checkout', NULL, '2026-03-29T16:32:35.444Z');
INSERT INTO "analytics" ("id", "type", "page", "user_id", "created_at") VALUES (610, 'CLICK', '/products', NULL, '2026-03-21T14:15:03.240Z');
INSERT INTO "analytics" ("id", "type", "page", "user_id", "created_at") VALUES (611, 'CLICK', '/cart', NULL, '2026-03-17T18:42:01.315Z');
INSERT INTO "analytics" ("id", "type", "page", "user_id", "created_at") VALUES (612, 'CLICK', '/', NULL, '2026-03-14T05:01:58.205Z');
INSERT INTO "analytics" ("id", "type", "page", "user_id", "created_at") VALUES (613, 'CLICK', '/product/1', NULL, '2026-03-21T16:25:50.645Z');
INSERT INTO "analytics" ("id", "type", "page", "user_id", "created_at") VALUES (614, 'CLICK', '/product/1', NULL, '2026-03-09T23:43:35.529Z');
INSERT INTO "analytics" ("id", "type", "page", "user_id", "created_at") VALUES (615, 'CLICK', '/cart', NULL, '2026-03-12T18:49:36.923Z');
INSERT INTO "analytics" ("id", "type", "page", "user_id", "created_at") VALUES (616, 'CLICK', '/products', NULL, '2026-03-22T19:23:42.971Z');
INSERT INTO "analytics" ("id", "type", "page", "user_id", "created_at") VALUES (617, 'CLICK', '/checkout', NULL, '2026-03-12T10:56:19.624Z');
INSERT INTO "analytics" ("id", "type", "page", "user_id", "created_at") VALUES (618, 'CLICK', '/cart', NULL, '2026-03-18T05:48:48.200Z');
INSERT INTO "analytics" ("id", "type", "page", "user_id", "created_at") VALUES (619, 'CLICK', '/cart', NULL, '2026-03-29T00:53:00.880Z');
INSERT INTO "analytics" ("id", "type", "page", "user_id", "created_at") VALUES (620, 'CLICK', '/product/1', NULL, '2026-03-30T14:00:35.464Z');
INSERT INTO "analytics" ("id", "type", "page", "user_id", "created_at") VALUES (621, 'CLICK', '/checkout', NULL, '2026-03-08T14:55:59.460Z');
INSERT INTO "analytics" ("id", "type", "page", "user_id", "created_at") VALUES (622, 'CLICK', '/product/1', NULL, '2026-03-13T18:01:17.455Z');
INSERT INTO "analytics" ("id", "type", "page", "user_id", "created_at") VALUES (623, 'CLICK', '/cart', NULL, '2026-04-03T12:28:11.970Z');
INSERT INTO "analytics" ("id", "type", "page", "user_id", "created_at") VALUES (624, 'CLICK', '/', NULL, '2026-03-13T12:12:31.295Z');
INSERT INTO "analytics" ("id", "type", "page", "user_id", "created_at") VALUES (625, 'CLICK', '/product/1', NULL, '2026-03-17T21:17:51.374Z');
INSERT INTO "analytics" ("id", "type", "page", "user_id", "created_at") VALUES (626, 'CLICK', '/product/1', NULL, '2026-03-08T18:34:50.531Z');
INSERT INTO "analytics" ("id", "type", "page", "user_id", "created_at") VALUES (627, 'CLICK', '/products', NULL, '2026-03-26T00:23:05.684Z');
INSERT INTO "analytics" ("id", "type", "page", "user_id", "created_at") VALUES (628, 'CLICK', '/cart', NULL, '2026-03-12T18:14:04.242Z');
INSERT INTO "analytics" ("id", "type", "page", "user_id", "created_at") VALUES (629, 'CLICK', '/products', NULL, '2026-03-11T00:33:56.627Z');
INSERT INTO "analytics" ("id", "type", "page", "user_id", "created_at") VALUES (630, 'CLICK', '/products', NULL, '2026-03-23T12:20:29.267Z');
INSERT INTO "analytics" ("id", "type", "page", "user_id", "created_at") VALUES (631, 'CLICK', '/product/1', NULL, '2026-03-18T05:56:48.604Z');
INSERT INTO "analytics" ("id", "type", "page", "user_id", "created_at") VALUES (632, 'CLICK', '/cart', NULL, '2026-04-01T18:20:08.046Z');
INSERT INTO "analytics" ("id", "type", "page", "user_id", "created_at") VALUES (633, 'CLICK', '/products', NULL, '2026-03-22T11:31:01.823Z');
INSERT INTO "analytics" ("id", "type", "page", "user_id", "created_at") VALUES (634, 'CLICK', '/product/1', NULL, '2026-03-08T09:37:02.866Z');
INSERT INTO "analytics" ("id", "type", "page", "user_id", "created_at") VALUES (635, 'CLICK', '/products', NULL, '2026-03-27T06:40:40.801Z');
INSERT INTO "analytics" ("id", "type", "page", "user_id", "created_at") VALUES (636, 'CLICK', '/cart', NULL, '2026-03-11T13:23:14.950Z');
INSERT INTO "analytics" ("id", "type", "page", "user_id", "created_at") VALUES (637, 'CLICK', '/checkout', NULL, '2026-03-26T00:34:30.353Z');
INSERT INTO "analytics" ("id", "type", "page", "user_id", "created_at") VALUES (638, 'CLICK', '/checkout', NULL, '2026-03-21T09:53:16.111Z');
INSERT INTO "analytics" ("id", "type", "page", "user_id", "created_at") VALUES (639, 'CLICK', '/product/1', NULL, '2026-03-12T17:13:20.074Z');
INSERT INTO "analytics" ("id", "type", "page", "user_id", "created_at") VALUES (640, 'CLICK', '/cart', NULL, '2026-03-09T19:46:22.282Z');
INSERT INTO "analytics" ("id", "type", "page", "user_id", "created_at") VALUES (641, 'CLICK', '/', NULL, '2026-03-07T07:22:07.932Z');
INSERT INTO "analytics" ("id", "type", "page", "user_id", "created_at") VALUES (642, 'CLICK', '/product/1', NULL, '2026-03-19T17:30:21.378Z');
INSERT INTO "analytics" ("id", "type", "page", "user_id", "created_at") VALUES (643, 'CLICK', '/', NULL, '2026-04-03T14:23:44.306Z');
INSERT INTO "analytics" ("id", "type", "page", "user_id", "created_at") VALUES (644, 'CLICK', '/', NULL, '2026-03-10T07:15:37.073Z');
INSERT INTO "analytics" ("id", "type", "page", "user_id", "created_at") VALUES (645, 'CLICK', '/product/1', NULL, '2026-03-20T02:57:58.450Z');
INSERT INTO "analytics" ("id", "type", "page", "user_id", "created_at") VALUES (646, 'CLICK', '/products', NULL, '2026-03-15T07:21:39.582Z');
INSERT INTO "analytics" ("id", "type", "page", "user_id", "created_at") VALUES (647, 'CLICK', '/product/1', NULL, '2026-03-15T16:37:55.783Z');
INSERT INTO "analytics" ("id", "type", "page", "user_id", "created_at") VALUES (648, 'CLICK', '/', NULL, '2026-03-19T02:16:37.886Z');
INSERT INTO "analytics" ("id", "type", "page", "user_id", "created_at") VALUES (649, 'CLICK', '/', NULL, '2026-03-24T08:51:42.201Z');
INSERT INTO "analytics" ("id", "type", "page", "user_id", "created_at") VALUES (650, 'CLICK', '/product/1', NULL, '2026-03-05T13:15:33.467Z');
INSERT INTO "analytics" ("id", "type", "page", "user_id", "created_at") VALUES (651, 'CLICK', '/', NULL, '2026-03-18T19:53:52.121Z');
INSERT INTO "analytics" ("id", "type", "page", "user_id", "created_at") VALUES (652, 'CLICK', '/checkout', NULL, '2026-03-15T07:07:00.258Z');
INSERT INTO "analytics" ("id", "type", "page", "user_id", "created_at") VALUES (653, 'CLICK', '/cart', NULL, '2026-03-15T17:08:09.661Z');
INSERT INTO "analytics" ("id", "type", "page", "user_id", "created_at") VALUES (654, 'CLICK', '/checkout', NULL, '2026-03-10T18:53:33.165Z');
INSERT INTO "analytics" ("id", "type", "page", "user_id", "created_at") VALUES (655, 'CLICK', '/checkout', NULL, '2026-03-13T10:05:29.477Z');
INSERT INTO "analytics" ("id", "type", "page", "user_id", "created_at") VALUES (656, 'CLICK', '/checkout', NULL, '2026-03-26T17:34:13.682Z');
INSERT INTO "analytics" ("id", "type", "page", "user_id", "created_at") VALUES (657, 'CLICK', '/product/1', NULL, '2026-03-31T17:52:42.781Z');
INSERT INTO "analytics" ("id", "type", "page", "user_id", "created_at") VALUES (658, 'CLICK', '/products', NULL, '2026-03-16T01:23:35.182Z');
INSERT INTO "analytics" ("id", "type", "page", "user_id", "created_at") VALUES (659, 'CLICK', '/cart', NULL, '2026-03-30T19:40:28.350Z');
INSERT INTO "analytics" ("id", "type", "page", "user_id", "created_at") VALUES (660, 'CLICK', '/products', NULL, '2026-03-14T19:58:46.524Z');
INSERT INTO "analytics" ("id", "type", "page", "user_id", "created_at") VALUES (661, 'CLICK', '/checkout', NULL, '2026-03-10T14:54:42.963Z');
INSERT INTO "analytics" ("id", "type", "page", "user_id", "created_at") VALUES (662, 'CLICK', '/checkout', NULL, '2026-03-18T02:04:29.621Z');
INSERT INTO "analytics" ("id", "type", "page", "user_id", "created_at") VALUES (663, 'CLICK', '/cart', NULL, '2026-03-14T06:24:13.831Z');
INSERT INTO "analytics" ("id", "type", "page", "user_id", "created_at") VALUES (664, 'CLICK', '/products', NULL, '2026-03-31T05:47:49.860Z');
INSERT INTO "analytics" ("id", "type", "page", "user_id", "created_at") VALUES (665, 'CLICK', '/', NULL, '2026-03-22T21:57:34.580Z');
INSERT INTO "analytics" ("id", "type", "page", "user_id", "created_at") VALUES (666, 'CLICK', '/product/1', NULL, '2026-03-22T11:13:09.411Z');
INSERT INTO "analytics" ("id", "type", "page", "user_id", "created_at") VALUES (667, 'CLICK', '/checkout', NULL, '2026-03-18T18:46:35.742Z');
INSERT INTO "analytics" ("id", "type", "page", "user_id", "created_at") VALUES (668, 'CLICK', '/product/1', NULL, '2026-03-24T07:32:59.704Z');
INSERT INTO "analytics" ("id", "type", "page", "user_id", "created_at") VALUES (669, 'CLICK', '/products', NULL, '2026-03-11T10:33:37.114Z');
INSERT INTO "analytics" ("id", "type", "page", "user_id", "created_at") VALUES (670, 'CLICK', '/products', NULL, '2026-03-05T08:24:09.528Z');
INSERT INTO "analytics" ("id", "type", "page", "user_id", "created_at") VALUES (671, 'CLICK', '/product/1', NULL, '2026-03-30T00:20:58.302Z');
INSERT INTO "analytics" ("id", "type", "page", "user_id", "created_at") VALUES (672, 'CLICK', '/product/1', NULL, '2026-03-26T21:53:22.916Z');
INSERT INTO "analytics" ("id", "type", "page", "user_id", "created_at") VALUES (673, 'CLICK', '/products', NULL, '2026-03-24T18:38:19.339Z');
INSERT INTO "analytics" ("id", "type", "page", "user_id", "created_at") VALUES (674, 'CLICK', '/product/1', NULL, '2026-03-16T04:03:49.400Z');
INSERT INTO "analytics" ("id", "type", "page", "user_id", "created_at") VALUES (675, 'CLICK', '/', NULL, '2026-03-19T03:24:13.297Z');
INSERT INTO "analytics" ("id", "type", "page", "user_id", "created_at") VALUES (676, 'CLICK', '/product/1', NULL, '2026-03-30T11:01:06.318Z');
INSERT INTO "analytics" ("id", "type", "page", "user_id", "created_at") VALUES (677, 'CLICK', '/', NULL, '2026-03-14T18:41:53.381Z');
INSERT INTO "analytics" ("id", "type", "page", "user_id", "created_at") VALUES (678, 'CLICK', '/products', NULL, '2026-03-21T03:07:56.570Z');
INSERT INTO "analytics" ("id", "type", "page", "user_id", "created_at") VALUES (679, 'CLICK', '/checkout', NULL, '2026-03-27T15:22:46.832Z');
INSERT INTO "analytics" ("id", "type", "page", "user_id", "created_at") VALUES (680, 'CLICK', '/product/1', NULL, '2026-03-19T19:13:03.319Z');
INSERT INTO "analytics" ("id", "type", "page", "user_id", "created_at") VALUES (681, 'CLICK', '/product/1', NULL, '2026-03-14T00:42:16.170Z');
INSERT INTO "analytics" ("id", "type", "page", "user_id", "created_at") VALUES (682, 'CLICK', '/products', NULL, '2026-03-11T01:03:56.862Z');
INSERT INTO "analytics" ("id", "type", "page", "user_id", "created_at") VALUES (683, 'CLICK', '/products', NULL, '2026-03-24T11:44:23.183Z');
INSERT INTO "analytics" ("id", "type", "page", "user_id", "created_at") VALUES (684, 'CLICK', '/cart', NULL, '2026-03-16T22:30:13.311Z');
INSERT INTO "analytics" ("id", "type", "page", "user_id", "created_at") VALUES (685, 'CLICK', '/cart', NULL, '2026-03-05T16:13:51.368Z');
INSERT INTO "analytics" ("id", "type", "page", "user_id", "created_at") VALUES (686, 'CLICK', '/checkout', NULL, '2026-03-18T19:23:24.810Z');
INSERT INTO "analytics" ("id", "type", "page", "user_id", "created_at") VALUES (687, 'CLICK', '/checkout', NULL, '2026-03-07T08:04:00.987Z');
INSERT INTO "analytics" ("id", "type", "page", "user_id", "created_at") VALUES (688, 'CLICK', '/product/1', NULL, '2026-03-20T15:12:53.133Z');
INSERT INTO "analytics" ("id", "type", "page", "user_id", "created_at") VALUES (689, 'CLICK', '/cart', NULL, '2026-03-30T11:13:49.251Z');
INSERT INTO "analytics" ("id", "type", "page", "user_id", "created_at") VALUES (690, 'CLICK', '/products', NULL, '2026-03-31T21:15:48.761Z');
INSERT INTO "analytics" ("id", "type", "page", "user_id", "created_at") VALUES (691, 'CLICK', '/product/1', NULL, '2026-03-24T04:19:15.321Z');
INSERT INTO "analytics" ("id", "type", "page", "user_id", "created_at") VALUES (692, 'CLICK', '/product/1', NULL, '2026-04-02T16:26:41.693Z');
INSERT INTO "analytics" ("id", "type", "page", "user_id", "created_at") VALUES (693, 'CLICK', '/checkout', NULL, '2026-03-24T15:14:16.545Z');
INSERT INTO "analytics" ("id", "type", "page", "user_id", "created_at") VALUES (694, 'CLICK', '/products', NULL, '2026-03-19T13:00:22.849Z');
INSERT INTO "analytics" ("id", "type", "page", "user_id", "created_at") VALUES (695, 'CLICK', '/', NULL, '2026-03-30T04:24:02.494Z');
INSERT INTO "analytics" ("id", "type", "page", "user_id", "created_at") VALUES (696, 'CLICK', '/', NULL, '2026-03-18T13:43:48.309Z');
INSERT INTO "analytics" ("id", "type", "page", "user_id", "created_at") VALUES (697, 'CLICK', '/products', NULL, '2026-03-09T14:27:21.482Z');
INSERT INTO "analytics" ("id", "type", "page", "user_id", "created_at") VALUES (698, 'CLICK', '/checkout', NULL, '2026-03-28T11:48:41.707Z');
INSERT INTO "analytics" ("id", "type", "page", "user_id", "created_at") VALUES (699, 'CLICK', '/cart', NULL, '2026-04-01T15:42:47.152Z');
INSERT INTO "analytics" ("id", "type", "page", "user_id", "created_at") VALUES (700, 'CLICK', '/cart', NULL, '2026-03-28T03:10:48.911Z');
INSERT INTO "analytics" ("id", "type", "page", "user_id", "created_at") VALUES (701, 'CLICK', '/product/1', NULL, '2026-03-30T19:57:43.328Z');
INSERT INTO "analytics" ("id", "type", "page", "user_id", "created_at") VALUES (702, 'CLICK', '/product/1', NULL, '2026-03-28T08:43:40.643Z');
INSERT INTO "analytics" ("id", "type", "page", "user_id", "created_at") VALUES (703, 'CLICK', '/', NULL, '2026-04-03T07:09:04.431Z');
INSERT INTO "analytics" ("id", "type", "page", "user_id", "created_at") VALUES (704, 'CLICK', '/cart', NULL, '2026-03-31T21:21:28.886Z');
INSERT INTO "analytics" ("id", "type", "page", "user_id", "created_at") VALUES (705, 'CLICK', '/', NULL, '2026-03-22T14:47:15.543Z');
INSERT INTO "analytics" ("id", "type", "page", "user_id", "created_at") VALUES (706, 'CLICK', '/checkout', NULL, '2026-03-31T07:15:08.164Z');
INSERT INTO "analytics" ("id", "type", "page", "user_id", "created_at") VALUES (707, 'CLICK', '/checkout', NULL, '2026-03-29T15:14:04.877Z');
INSERT INTO "analytics" ("id", "type", "page", "user_id", "created_at") VALUES (708, 'CLICK', '/products', NULL, '2026-03-05T19:49:13.849Z');
INSERT INTO "analytics" ("id", "type", "page", "user_id", "created_at") VALUES (709, 'CLICK', '/checkout', NULL, '2026-03-13T13:01:35.662Z');
INSERT INTO "analytics" ("id", "type", "page", "user_id", "created_at") VALUES (710, 'CLICK', '/cart', NULL, '2026-03-14T20:10:54.258Z');
INSERT INTO "analytics" ("id", "type", "page", "user_id", "created_at") VALUES (711, 'CLICK', '/product/1', NULL, '2026-03-20T13:42:52.343Z');
INSERT INTO "analytics" ("id", "type", "page", "user_id", "created_at") VALUES (712, 'CLICK', '/cart', NULL, '2026-04-02T07:31:47.267Z');
INSERT INTO "analytics" ("id", "type", "page", "user_id", "created_at") VALUES (713, 'CLICK', '/cart', NULL, '2026-03-24T20:08:48.667Z');
INSERT INTO "analytics" ("id", "type", "page", "user_id", "created_at") VALUES (714, 'CLICK', '/product/1', NULL, '2026-03-18T18:31:58.797Z');
INSERT INTO "analytics" ("id", "type", "page", "user_id", "created_at") VALUES (715, 'CLICK', '/product/1', NULL, '2026-03-24T08:05:20.875Z');
INSERT INTO "analytics" ("id", "type", "page", "user_id", "created_at") VALUES (716, 'CLICK', '/products', NULL, '2026-03-27T12:38:04.762Z');
INSERT INTO "analytics" ("id", "type", "page", "user_id", "created_at") VALUES (717, 'CLICK', '/checkout', NULL, '2026-03-28T01:37:50.724Z');
INSERT INTO "analytics" ("id", "type", "page", "user_id", "created_at") VALUES (718, 'CLICK', '/products', NULL, '2026-03-09T11:55:01.597Z');
INSERT INTO "analytics" ("id", "type", "page", "user_id", "created_at") VALUES (719, 'CLICK', '/cart', NULL, '2026-03-20T03:27:00.153Z');
INSERT INTO "analytics" ("id", "type", "page", "user_id", "created_at") VALUES (720, 'CLICK', '/cart', NULL, '2026-03-23T12:42:36.781Z');
INSERT INTO "analytics" ("id", "type", "page", "user_id", "created_at") VALUES (721, 'CLICK', '/cart', NULL, '2026-03-11T20:18:21.914Z');
INSERT INTO "analytics" ("id", "type", "page", "user_id", "created_at") VALUES (722, 'CLICK', '/products', NULL, '2026-03-25T06:13:37.295Z');
INSERT INTO "analytics" ("id", "type", "page", "user_id", "created_at") VALUES (723, 'CLICK', '/checkout', NULL, '2026-03-13T22:59:16.045Z');
INSERT INTO "analytics" ("id", "type", "page", "user_id", "created_at") VALUES (724, 'CLICK', '/checkout', NULL, '2026-03-17T08:37:20.489Z');
INSERT INTO "analytics" ("id", "type", "page", "user_id", "created_at") VALUES (725, 'CLICK', '/cart', NULL, '2026-03-14T23:17:51.655Z');
INSERT INTO "analytics" ("id", "type", "page", "user_id", "created_at") VALUES (726, 'CLICK', '/products', NULL, '2026-03-24T11:00:26.310Z');
INSERT INTO "analytics" ("id", "type", "page", "user_id", "created_at") VALUES (727, 'CLICK', '/products', NULL, '2026-03-07T06:24:45.486Z');
INSERT INTO "analytics" ("id", "type", "page", "user_id", "created_at") VALUES (728, 'CLICK', '/product/1', NULL, '2026-03-22T10:28:59.257Z');
INSERT INTO "analytics" ("id", "type", "page", "user_id", "created_at") VALUES (729, 'CLICK', '/checkout', NULL, '2026-03-31T01:27:17.126Z');
INSERT INTO "analytics" ("id", "type", "page", "user_id", "created_at") VALUES (730, 'CLICK', '/checkout', NULL, '2026-03-27T02:42:20.912Z');
INSERT INTO "analytics" ("id", "type", "page", "user_id", "created_at") VALUES (731, 'CLICK', '/product/1', NULL, '2026-03-24T20:39:29.631Z');
INSERT INTO "analytics" ("id", "type", "page", "user_id", "created_at") VALUES (732, 'CLICK', '/products', NULL, '2026-03-13T06:58:03.780Z');
INSERT INTO "analytics" ("id", "type", "page", "user_id", "created_at") VALUES (733, 'CLICK', '/', NULL, '2026-03-19T10:47:24.724Z');
INSERT INTO "analytics" ("id", "type", "page", "user_id", "created_at") VALUES (734, 'CLICK', '/products', NULL, '2026-03-17T19:44:37.974Z');
INSERT INTO "analytics" ("id", "type", "page", "user_id", "created_at") VALUES (735, 'CLICK', '/cart', NULL, '2026-03-23T12:41:26.595Z');
INSERT INTO "analytics" ("id", "type", "page", "user_id", "created_at") VALUES (736, 'CLICK', '/products', NULL, '2026-03-29T13:46:25.149Z');
INSERT INTO "analytics" ("id", "type", "page", "user_id", "created_at") VALUES (737, 'CLICK', '/products', NULL, '2026-03-22T06:21:52.373Z');
INSERT INTO "analytics" ("id", "type", "page", "user_id", "created_at") VALUES (738, 'CLICK', '/checkout', NULL, '2026-03-12T03:07:01.715Z');
INSERT INTO "analytics" ("id", "type", "page", "user_id", "created_at") VALUES (739, 'CLICK', '/product/1', NULL, '2026-03-05T12:25:54.211Z');
INSERT INTO "analytics" ("id", "type", "page", "user_id", "created_at") VALUES (740, 'CLICK', '/cart', NULL, '2026-03-23T20:07:10.360Z');
INSERT INTO "analytics" ("id", "type", "page", "user_id", "created_at") VALUES (741, 'CLICK', '/products', NULL, '2026-03-05T01:54:50.334Z');
INSERT INTO "analytics" ("id", "type", "page", "user_id", "created_at") VALUES (742, 'CLICK', '/products', NULL, '2026-04-03T15:34:55.429Z');
INSERT INTO "analytics" ("id", "type", "page", "user_id", "created_at") VALUES (743, 'CLICK', '/checkout', NULL, '2026-03-20T03:15:47.010Z');
INSERT INTO "analytics" ("id", "type", "page", "user_id", "created_at") VALUES (744, 'CLICK', '/cart', NULL, '2026-03-05T05:00:41.051Z');
INSERT INTO "analytics" ("id", "type", "page", "user_id", "created_at") VALUES (745, 'CLICK', '/cart', NULL, '2026-03-14T11:35:34.012Z');
INSERT INTO "analytics" ("id", "type", "page", "user_id", "created_at") VALUES (746, 'CLICK', '/', NULL, '2026-03-18T11:01:56.244Z');
INSERT INTO "analytics" ("id", "type", "page", "user_id", "created_at") VALUES (747, 'CLICK', '/products', NULL, '2026-03-30T02:23:27.330Z');
INSERT INTO "analytics" ("id", "type", "page", "user_id", "created_at") VALUES (748, 'CLICK', '/cart', NULL, '2026-03-11T23:43:01.206Z');
INSERT INTO "analytics" ("id", "type", "page", "user_id", "created_at") VALUES (749, 'CLICK', '/', NULL, '2026-03-22T11:32:43.236Z');
INSERT INTO "analytics" ("id", "type", "page", "user_id", "created_at") VALUES (750, 'CLICK', '/cart', NULL, '2026-04-02T06:29:36.730Z');
INSERT INTO "analytics" ("id", "type", "page", "user_id", "created_at") VALUES (751, 'CLICK', '/product/1', NULL, '2026-03-25T01:19:37.332Z');
INSERT INTO "analytics" ("id", "type", "page", "user_id", "created_at") VALUES (752, 'CLICK', '/checkout', NULL, '2026-03-24T20:04:36.751Z');
INSERT INTO "analytics" ("id", "type", "page", "user_id", "created_at") VALUES (753, 'CLICK', '/cart', NULL, '2026-03-12T18:49:39.231Z');
INSERT INTO "analytics" ("id", "type", "page", "user_id", "created_at") VALUES (754, 'CLICK', '/cart', NULL, '2026-03-24T11:53:10.543Z');
INSERT INTO "analytics" ("id", "type", "page", "user_id", "created_at") VALUES (755, 'CLICK', '/product/1', NULL, '2026-03-28T06:09:13.931Z');
INSERT INTO "analytics" ("id", "type", "page", "user_id", "created_at") VALUES (756, 'CLICK', '/cart', NULL, '2026-03-20T10:49:47.622Z');
INSERT INTO "analytics" ("id", "type", "page", "user_id", "created_at") VALUES (757, 'CLICK', '/product/1', NULL, '2026-03-05T01:00:48.149Z');
INSERT INTO "analytics" ("id", "type", "page", "user_id", "created_at") VALUES (758, 'CLICK', '/product/1', NULL, '2026-03-23T21:55:10.303Z');
INSERT INTO "analytics" ("id", "type", "page", "user_id", "created_at") VALUES (759, 'CLICK', '/product/1', NULL, '2026-03-26T14:18:40.318Z');
INSERT INTO "analytics" ("id", "type", "page", "user_id", "created_at") VALUES (760, 'CLICK', '/product/1', NULL, '2026-03-22T14:26:12.611Z');
INSERT INTO "analytics" ("id", "type", "page", "user_id", "created_at") VALUES (761, 'CLICK', '/product/1', NULL, '2026-03-19T03:38:01.844Z');
INSERT INTO "analytics" ("id", "type", "page", "user_id", "created_at") VALUES (762, 'CLICK', '/checkout', NULL, '2026-03-06T10:01:21.194Z');
INSERT INTO "analytics" ("id", "type", "page", "user_id", "created_at") VALUES (763, 'CLICK', '/cart', NULL, '2026-03-12T11:08:05.281Z');
INSERT INTO "analytics" ("id", "type", "page", "user_id", "created_at") VALUES (764, 'CLICK', '/products', NULL, '2026-03-26T07:29:44.804Z');
INSERT INTO "analytics" ("id", "type", "page", "user_id", "created_at") VALUES (765, 'CLICK', '/cart', NULL, '2026-04-02T04:45:50.201Z');
INSERT INTO "analytics" ("id", "type", "page", "user_id", "created_at") VALUES (766, 'CLICK', '/product/1', NULL, '2026-03-19T13:25:55.186Z');
INSERT INTO "analytics" ("id", "type", "page", "user_id", "created_at") VALUES (767, 'CLICK', '/product/1', NULL, '2026-04-02T19:58:09.309Z');
INSERT INTO "analytics" ("id", "type", "page", "user_id", "created_at") VALUES (768, 'CLICK', '/product/1', NULL, '2026-03-06T14:04:26.129Z');
INSERT INTO "analytics" ("id", "type", "page", "user_id", "created_at") VALUES (769, 'CLICK', '/products', NULL, '2026-03-22T05:20:43.117Z');
INSERT INTO "analytics" ("id", "type", "page", "user_id", "created_at") VALUES (770, 'CLICK', '/cart', NULL, '2026-03-17T03:17:35.869Z');
INSERT INTO "analytics" ("id", "type", "page", "user_id", "created_at") VALUES (771, 'CLICK', '/products', NULL, '2026-03-20T01:39:16.836Z');
INSERT INTO "analytics" ("id", "type", "page", "user_id", "created_at") VALUES (772, 'CLICK', '/products', NULL, '2026-03-22T22:43:05.983Z');
INSERT INTO "analytics" ("id", "type", "page", "user_id", "created_at") VALUES (773, 'CLICK', '/products', NULL, '2026-03-27T10:52:23.851Z');
INSERT INTO "analytics" ("id", "type", "page", "user_id", "created_at") VALUES (774, 'CLICK', '/product/1', NULL, '2026-03-10T09:07:43.833Z');
INSERT INTO "analytics" ("id", "type", "page", "user_id", "created_at") VALUES (775, 'CLICK', '/product/1', NULL, '2026-03-30T04:46:51.368Z');
INSERT INTO "analytics" ("id", "type", "page", "user_id", "created_at") VALUES (776, 'CLICK', '/products', NULL, '2026-03-15T11:45:02.999Z');
INSERT INTO "analytics" ("id", "type", "page", "user_id", "created_at") VALUES (777, 'CLICK', '/products', NULL, '2026-04-02T19:22:25.589Z');
INSERT INTO "analytics" ("id", "type", "page", "user_id", "created_at") VALUES (778, 'CLICK', '/', NULL, '2026-03-09T17:29:46.726Z');
INSERT INTO "analytics" ("id", "type", "page", "user_id", "created_at") VALUES (779, 'CLICK', '/checkout', NULL, '2026-03-14T06:03:32.000Z');
INSERT INTO "analytics" ("id", "type", "page", "user_id", "created_at") VALUES (780, 'CLICK', '/product/1', NULL, '2026-04-03T02:19:57.625Z');
INSERT INTO "analytics" ("id", "type", "page", "user_id", "created_at") VALUES (781, 'CLICK', '/cart', NULL, '2026-03-19T12:22:44.691Z');
INSERT INTO "analytics" ("id", "type", "page", "user_id", "created_at") VALUES (782, 'CLICK', '/checkout', NULL, '2026-03-21T02:41:31.890Z');
INSERT INTO "analytics" ("id", "type", "page", "user_id", "created_at") VALUES (783, 'CLICK', '/cart', NULL, '2026-03-17T06:31:25.367Z');
INSERT INTO "analytics" ("id", "type", "page", "user_id", "created_at") VALUES (784, 'CLICK', '/cart', NULL, '2026-03-28T16:57:45.014Z');
INSERT INTO "analytics" ("id", "type", "page", "user_id", "created_at") VALUES (785, 'CLICK', '/product/1', NULL, '2026-03-07T03:44:30.377Z');
INSERT INTO "analytics" ("id", "type", "page", "user_id", "created_at") VALUES (786, 'CLICK', '/cart', NULL, '2026-03-20T19:59:10.816Z');
INSERT INTO "analytics" ("id", "type", "page", "user_id", "created_at") VALUES (787, 'CLICK', '/product/1', NULL, '2026-03-30T10:54:21.923Z');
INSERT INTO "analytics" ("id", "type", "page", "user_id", "created_at") VALUES (788, 'CLICK', '/product/1', NULL, '2026-03-22T04:00:32.762Z');
INSERT INTO "analytics" ("id", "type", "page", "user_id", "created_at") VALUES (789, 'CLICK', '/product/1', NULL, '2026-03-10T23:45:06.595Z');
INSERT INTO "analytics" ("id", "type", "page", "user_id", "created_at") VALUES (790, 'CLICK', '/product/1', NULL, '2026-03-04T22:06:51.659Z');
INSERT INTO "analytics" ("id", "type", "page", "user_id", "created_at") VALUES (791, 'CLICK', '/products', NULL, '2026-03-08T16:18:33.550Z');
INSERT INTO "analytics" ("id", "type", "page", "user_id", "created_at") VALUES (792, 'CLICK', '/checkout', NULL, '2026-03-21T11:02:26.986Z');
INSERT INTO "analytics" ("id", "type", "page", "user_id", "created_at") VALUES (793, 'CLICK', '/products', NULL, '2026-03-31T13:41:05.149Z');
INSERT INTO "analytics" ("id", "type", "page", "user_id", "created_at") VALUES (794, 'CLICK', '/checkout', NULL, '2026-03-27T12:02:17.149Z');
INSERT INTO "analytics" ("id", "type", "page", "user_id", "created_at") VALUES (795, 'CLICK', '/products', NULL, '2026-03-07T15:03:18.801Z');
INSERT INTO "analytics" ("id", "type", "page", "user_id", "created_at") VALUES (796, 'CLICK', '/', NULL, '2026-03-15T10:09:08.067Z');
INSERT INTO "analytics" ("id", "type", "page", "user_id", "created_at") VALUES (797, 'CLICK', '/checkout', NULL, '2026-03-14T13:46:53.067Z');
INSERT INTO "analytics" ("id", "type", "page", "user_id", "created_at") VALUES (798, 'CLICK', '/products', NULL, '2026-03-30T07:34:06.420Z');
INSERT INTO "analytics" ("id", "type", "page", "user_id", "created_at") VALUES (799, 'CLICK', '/', NULL, '2026-03-14T09:21:12.989Z');
INSERT INTO "analytics" ("id", "type", "page", "user_id", "created_at") VALUES (800, 'CLICK', '/products', NULL, '2026-03-27T22:24:53.218Z');
INSERT INTO "analytics" ("id", "type", "page", "user_id", "created_at") VALUES (801, 'CLICK', '/product/1', NULL, '2026-03-08T02:05:49.225Z');
INSERT INTO "analytics" ("id", "type", "page", "user_id", "created_at") VALUES (802, 'CLICK', '/products', NULL, '2026-03-09T21:16:51.675Z');
INSERT INTO "analytics" ("id", "type", "page", "user_id", "created_at") VALUES (803, 'CLICK', '/products', NULL, '2026-03-30T11:36:52.199Z');
INSERT INTO "analytics" ("id", "type", "page", "user_id", "created_at") VALUES (804, 'CLICK', '/checkout', NULL, '2026-03-10T01:19:17.393Z');
INSERT INTO "analytics" ("id", "type", "page", "user_id", "created_at") VALUES (805, 'CLICK', '/checkout', NULL, '2026-04-02T14:31:40.208Z');
INSERT INTO "analytics" ("id", "type", "page", "user_id", "created_at") VALUES (806, 'CLICK', '/cart', NULL, '2026-03-05T16:12:24.751Z');
INSERT INTO "analytics" ("id", "type", "page", "user_id", "created_at") VALUES (807, 'CLICK', '/product/1', NULL, '2026-03-19T18:43:35.150Z');
INSERT INTO "analytics" ("id", "type", "page", "user_id", "created_at") VALUES (808, 'CLICK', '/checkout', NULL, '2026-03-28T02:02:04.676Z');
INSERT INTO "analytics" ("id", "type", "page", "user_id", "created_at") VALUES (809, 'CLICK', '/cart', NULL, '2026-03-24T09:00:32.707Z');
INSERT INTO "analytics" ("id", "type", "page", "user_id", "created_at") VALUES (810, 'CLICK', '/products', NULL, '2026-03-29T23:29:25.051Z');
INSERT INTO "analytics" ("id", "type", "page", "user_id", "created_at") VALUES (811, 'CLICK', '/', NULL, '2026-03-09T22:08:54.968Z');
INSERT INTO "analytics" ("id", "type", "page", "user_id", "created_at") VALUES (812, 'CLICK', '/cart', NULL, '2026-03-22T03:42:52.006Z');
INSERT INTO "analytics" ("id", "type", "page", "user_id", "created_at") VALUES (813, 'CLICK', '/product/1', NULL, '2026-03-11T18:16:40.625Z');
INSERT INTO "analytics" ("id", "type", "page", "user_id", "created_at") VALUES (814, 'CLICK', '/', NULL, '2026-03-07T08:04:32.918Z');
INSERT INTO "analytics" ("id", "type", "page", "user_id", "created_at") VALUES (815, 'CLICK', '/product/1', NULL, '2026-03-16T09:50:12.291Z');
INSERT INTO "analytics" ("id", "type", "page", "user_id", "created_at") VALUES (816, 'CLICK', '/products', NULL, '2026-03-12T16:18:05.033Z');
INSERT INTO "analytics" ("id", "type", "page", "user_id", "created_at") VALUES (817, 'CLICK', '/cart', NULL, '2026-03-11T01:04:25.795Z');
INSERT INTO "analytics" ("id", "type", "page", "user_id", "created_at") VALUES (818, 'CLICK', '/cart', NULL, '2026-03-21T11:28:47.211Z');
INSERT INTO "analytics" ("id", "type", "page", "user_id", "created_at") VALUES (819, 'CLICK', '/cart', NULL, '2026-03-18T13:50:14.055Z');
INSERT INTO "analytics" ("id", "type", "page", "user_id", "created_at") VALUES (820, 'CLICK', '/products', NULL, '2026-04-01T02:17:15.098Z');
INSERT INTO "analytics" ("id", "type", "page", "user_id", "created_at") VALUES (821, 'CLICK', '/', NULL, '2026-03-30T05:01:17.730Z');
INSERT INTO "analytics" ("id", "type", "page", "user_id", "created_at") VALUES (822, 'CLICK', '/product/1', NULL, '2026-03-16T11:07:58.850Z');
INSERT INTO "analytics" ("id", "type", "page", "user_id", "created_at") VALUES (823, 'CLICK', '/checkout', NULL, '2026-03-12T20:36:22.855Z');
INSERT INTO "analytics" ("id", "type", "page", "user_id", "created_at") VALUES (824, 'CLICK', '/products', NULL, '2026-03-12T12:04:24.720Z');
INSERT INTO "analytics" ("id", "type", "page", "user_id", "created_at") VALUES (825, 'CLICK', '/', NULL, '2026-03-08T10:06:45.647Z');
INSERT INTO "analytics" ("id", "type", "page", "user_id", "created_at") VALUES (826, 'CLICK', '/product/1', NULL, '2026-04-01T06:43:34.495Z');
INSERT INTO "analytics" ("id", "type", "page", "user_id", "created_at") VALUES (827, 'CLICK', '/products', NULL, '2026-03-20T23:22:54.150Z');
INSERT INTO "analytics" ("id", "type", "page", "user_id", "created_at") VALUES (828, 'CLICK', '/checkout', NULL, '2026-03-14T01:11:59.261Z');
INSERT INTO "analytics" ("id", "type", "page", "user_id", "created_at") VALUES (829, 'CLICK', '/cart', NULL, '2026-03-07T07:13:27.085Z');
INSERT INTO "analytics" ("id", "type", "page", "user_id", "created_at") VALUES (830, 'CLICK', '/product/1', NULL, '2026-03-16T00:56:04.149Z');
INSERT INTO "analytics" ("id", "type", "page", "user_id", "created_at") VALUES (831, 'CLICK', '/', NULL, '2026-03-28T10:26:21.699Z');
INSERT INTO "analytics" ("id", "type", "page", "user_id", "created_at") VALUES (832, 'CLICK', '/cart', NULL, '2026-03-12T01:50:06.081Z');
INSERT INTO "analytics" ("id", "type", "page", "user_id", "created_at") VALUES (833, 'CLICK', '/checkout', NULL, '2026-03-17T02:33:48.682Z');
INSERT INTO "analytics" ("id", "type", "page", "user_id", "created_at") VALUES (834, 'CLICK', '/checkout', NULL, '2026-03-05T04:37:25.705Z');
INSERT INTO "analytics" ("id", "type", "page", "user_id", "created_at") VALUES (835, 'CLICK', '/cart', NULL, '2026-03-30T22:02:32.667Z');
INSERT INTO "analytics" ("id", "type", "page", "user_id", "created_at") VALUES (836, 'CLICK', '/products', NULL, '2026-03-27T07:53:42.492Z');
INSERT INTO "analytics" ("id", "type", "page", "user_id", "created_at") VALUES (837, 'CLICK', '/', NULL, '2026-03-22T22:36:07.706Z');
INSERT INTO "analytics" ("id", "type", "page", "user_id", "created_at") VALUES (838, 'CLICK', '/checkout', NULL, '2026-03-27T14:42:06.084Z');
INSERT INTO "analytics" ("id", "type", "page", "user_id", "created_at") VALUES (839, 'CLICK', '/', NULL, '2026-03-22T13:41:12.636Z');
INSERT INTO "analytics" ("id", "type", "page", "user_id", "created_at") VALUES (840, 'CLICK', '/checkout', NULL, '2026-03-08T20:27:47.212Z');
INSERT INTO "analytics" ("id", "type", "page", "user_id", "created_at") VALUES (841, 'CLICK', '/checkout', NULL, '2026-03-19T00:31:02.548Z');
INSERT INTO "analytics" ("id", "type", "page", "user_id", "created_at") VALUES (842, 'CLICK', '/product/1', NULL, '2026-03-04T22:14:08.581Z');
INSERT INTO "analytics" ("id", "type", "page", "user_id", "created_at") VALUES (843, 'CLICK', '/', NULL, '2026-03-14T00:10:10.560Z');
INSERT INTO "analytics" ("id", "type", "page", "user_id", "created_at") VALUES (844, 'CLICK', '/products', NULL, '2026-03-31T02:42:04.536Z');
INSERT INTO "analytics" ("id", "type", "page", "user_id", "created_at") VALUES (845, 'CLICK', '/products', NULL, '2026-03-06T05:14:22.185Z');
INSERT INTO "analytics" ("id", "type", "page", "user_id", "created_at") VALUES (846, 'CLICK', '/product/1', NULL, '2026-03-29T12:38:59.752Z');
INSERT INTO "analytics" ("id", "type", "page", "user_id", "created_at") VALUES (847, 'CLICK', '/', NULL, '2026-04-02T16:46:28.161Z');
INSERT INTO "analytics" ("id", "type", "page", "user_id", "created_at") VALUES (848, 'CLICK', '/cart', NULL, '2026-03-31T18:37:32.364Z');
INSERT INTO "analytics" ("id", "type", "page", "user_id", "created_at") VALUES (849, 'CLICK', '/cart', NULL, '2026-03-24T05:04:01.653Z');
INSERT INTO "analytics" ("id", "type", "page", "user_id", "created_at") VALUES (850, 'CLICK', '/product/1', NULL, '2026-03-07T12:32:12.741Z');
INSERT INTO "analytics" ("id", "type", "page", "user_id", "created_at") VALUES (851, 'CLICK', '/product/1', NULL, '2026-03-21T07:13:56.721Z');
INSERT INTO "analytics" ("id", "type", "page", "user_id", "created_at") VALUES (852, 'CLICK', '/cart', NULL, '2026-03-12T19:37:27.521Z');
INSERT INTO "analytics" ("id", "type", "page", "user_id", "created_at") VALUES (853, 'CLICK', '/cart', NULL, '2026-03-28T04:56:49.443Z');
INSERT INTO "analytics" ("id", "type", "page", "user_id", "created_at") VALUES (854, 'CLICK', '/cart', NULL, '2026-03-24T17:47:32.623Z');
INSERT INTO "analytics" ("id", "type", "page", "user_id", "created_at") VALUES (855, 'CLICK', '/products', NULL, '2026-03-28T16:04:21.144Z');
INSERT INTO "analytics" ("id", "type", "page", "user_id", "created_at") VALUES (856, 'CLICK', '/cart', NULL, '2026-03-19T16:12:46.828Z');
INSERT INTO "analytics" ("id", "type", "page", "user_id", "created_at") VALUES (857, 'CLICK', '/', NULL, '2026-03-26T20:19:13.354Z');
INSERT INTO "analytics" ("id", "type", "page", "user_id", "created_at") VALUES (858, 'CLICK', '/cart', NULL, '2026-03-26T10:20:15.978Z');
INSERT INTO "analytics" ("id", "type", "page", "user_id", "created_at") VALUES (859, 'CLICK', '/product/1', NULL, '2026-03-29T19:22:18.799Z');
INSERT INTO "analytics" ("id", "type", "page", "user_id", "created_at") VALUES (860, 'CLICK', '/cart', NULL, '2026-03-30T02:16:21.367Z');
INSERT INTO "analytics" ("id", "type", "page", "user_id", "created_at") VALUES (861, 'CLICK', '/products', NULL, '2026-03-07T18:10:26.954Z');
INSERT INTO "analytics" ("id", "type", "page", "user_id", "created_at") VALUES (862, 'CLICK', '/', NULL, '2026-03-15T19:26:40.089Z');
INSERT INTO "analytics" ("id", "type", "page", "user_id", "created_at") VALUES (863, 'CLICK', '/product/1', NULL, '2026-03-22T07:14:53.364Z');
INSERT INTO "analytics" ("id", "type", "page", "user_id", "created_at") VALUES (864, 'CLICK', '/product/1', NULL, '2026-03-18T15:44:50.819Z');
INSERT INTO "analytics" ("id", "type", "page", "user_id", "created_at") VALUES (865, 'CLICK', '/checkout', NULL, '2026-04-03T04:44:49.995Z');
INSERT INTO "analytics" ("id", "type", "page", "user_id", "created_at") VALUES (866, 'CLICK', '/checkout', NULL, '2026-03-20T03:25:42.938Z');
INSERT INTO "analytics" ("id", "type", "page", "user_id", "created_at") VALUES (867, 'CLICK', '/product/1', NULL, '2026-03-19T11:06:20.115Z');
INSERT INTO "analytics" ("id", "type", "page", "user_id", "created_at") VALUES (868, 'CLICK', '/cart', NULL, '2026-03-28T17:52:08.193Z');
INSERT INTO "analytics" ("id", "type", "page", "user_id", "created_at") VALUES (869, 'CLICK', '/cart', NULL, '2026-03-27T16:09:40.675Z');
INSERT INTO "analytics" ("id", "type", "page", "user_id", "created_at") VALUES (870, 'CLICK', '/product/1', NULL, '2026-03-26T13:28:00.714Z');
INSERT INTO "analytics" ("id", "type", "page", "user_id", "created_at") VALUES (871, 'CLICK', '/', NULL, '2026-03-25T20:47:57.961Z');
INSERT INTO "analytics" ("id", "type", "page", "user_id", "created_at") VALUES (872, 'CLICK', '/product/1', NULL, '2026-03-29T22:45:40.201Z');
INSERT INTO "analytics" ("id", "type", "page", "user_id", "created_at") VALUES (873, 'CLICK', '/product/1', NULL, '2026-03-27T13:58:19.015Z');
INSERT INTO "analytics" ("id", "type", "page", "user_id", "created_at") VALUES (874, 'CLICK', '/checkout', NULL, '2026-03-22T04:21:47.966Z');
INSERT INTO "analytics" ("id", "type", "page", "user_id", "created_at") VALUES (875, 'CLICK', '/', NULL, '2026-03-26T14:10:51.644Z');
INSERT INTO "analytics" ("id", "type", "page", "user_id", "created_at") VALUES (876, 'CLICK', '/products', NULL, '2026-03-17T15:54:31.862Z');
INSERT INTO "analytics" ("id", "type", "page", "user_id", "created_at") VALUES (877, 'CLICK', '/product/1', NULL, '2026-03-17T07:24:57.999Z');
INSERT INTO "analytics" ("id", "type", "page", "user_id", "created_at") VALUES (878, 'CLICK', '/checkout', NULL, '2026-03-31T00:47:01.858Z');
INSERT INTO "analytics" ("id", "type", "page", "user_id", "created_at") VALUES (879, 'CLICK', '/products', NULL, '2026-03-16T05:44:07.030Z');
INSERT INTO "analytics" ("id", "type", "page", "user_id", "created_at") VALUES (880, 'CLICK', '/', NULL, '2026-03-11T17:24:58.903Z');
INSERT INTO "analytics" ("id", "type", "page", "user_id", "created_at") VALUES (881, 'CLICK', '/cart', NULL, '2026-04-01T07:56:17.955Z');
INSERT INTO "analytics" ("id", "type", "page", "user_id", "created_at") VALUES (882, 'CLICK', '/products', NULL, '2026-03-18T22:02:21.669Z');
INSERT INTO "analytics" ("id", "type", "page", "user_id", "created_at") VALUES (883, 'CLICK', '/product/1', NULL, '2026-03-16T03:15:46.237Z');
INSERT INTO "analytics" ("id", "type", "page", "user_id", "created_at") VALUES (884, 'CLICK', '/product/1', NULL, '2026-03-25T14:46:06.724Z');
INSERT INTO "analytics" ("id", "type", "page", "user_id", "created_at") VALUES (885, 'CLICK', '/', NULL, '2026-03-10T23:16:15.156Z');
INSERT INTO "analytics" ("id", "type", "page", "user_id", "created_at") VALUES (886, 'CLICK', '/', NULL, '2026-03-05T11:03:46.702Z');
INSERT INTO "analytics" ("id", "type", "page", "user_id", "created_at") VALUES (887, 'CLICK', '/', NULL, '2026-03-07T09:22:17.616Z');
INSERT INTO "analytics" ("id", "type", "page", "user_id", "created_at") VALUES (888, 'CLICK', '/products', NULL, '2026-03-06T12:51:29.394Z');
INSERT INTO "analytics" ("id", "type", "page", "user_id", "created_at") VALUES (889, 'CLICK', '/checkout', NULL, '2026-03-23T14:39:23.432Z');
INSERT INTO "analytics" ("id", "type", "page", "user_id", "created_at") VALUES (890, 'CLICK', '/cart', NULL, '2026-03-05T10:55:13.062Z');
INSERT INTO "analytics" ("id", "type", "page", "user_id", "created_at") VALUES (891, 'CLICK', '/cart', NULL, '2026-03-26T21:48:30.459Z');
INSERT INTO "analytics" ("id", "type", "page", "user_id", "created_at") VALUES (892, 'CLICK', '/', NULL, '2026-03-25T23:11:16.293Z');
INSERT INTO "analytics" ("id", "type", "page", "user_id", "created_at") VALUES (893, 'CLICK', '/cart', NULL, '2026-03-21T12:50:27.202Z');
INSERT INTO "analytics" ("id", "type", "page", "user_id", "created_at") VALUES (894, 'CLICK', '/cart', NULL, '2026-03-06T12:55:17.798Z');
INSERT INTO "analytics" ("id", "type", "page", "user_id", "created_at") VALUES (895, 'CLICK', '/products', NULL, '2026-04-03T14:03:24.969Z');
INSERT INTO "analytics" ("id", "type", "page", "user_id", "created_at") VALUES (896, 'CLICK', '/', NULL, '2026-03-04T22:40:21.977Z');
INSERT INTO "analytics" ("id", "type", "page", "user_id", "created_at") VALUES (897, 'CLICK', '/', NULL, '2026-03-09T15:45:46.792Z');
INSERT INTO "analytics" ("id", "type", "page", "user_id", "created_at") VALUES (898, 'CLICK', '/product/1', NULL, '2026-04-02T13:45:17.026Z');
INSERT INTO "analytics" ("id", "type", "page", "user_id", "created_at") VALUES (899, 'CLICK', '/', NULL, '2026-04-03T11:05:35.043Z');
INSERT INTO "analytics" ("id", "type", "page", "user_id", "created_at") VALUES (900, 'CLICK', '/', NULL, '2026-03-08T17:25:58.475Z');
COMMIT;
